time_since_prelaunched,liked_count,timestamp
1d - 3h - 46m,60,2024-05-31 20:20:00
1d - 3h - 56m,61,2024-05-31 20:30:00
1d - 4h - 6m,61,2024-05-31 20:40:00
1d - 4h - 16m,61,2024-05-31 20:50:00
1d - 4h - 26m,62,2024-05-31 21:00:00
1d - 4h - 36m,62,2024-05-31 21:10:00
1d - 4h - 46m,62,2024-05-31 21:20:00
1d - 4h - 56m,62,2024-05-31 21:30:00
1d - 5h - 6m,63,2024-05-31 21:40:00
1d - 5h - 16m,64,2024-05-31 21:50:00
1d - 5h - 26m,66,2024-05-31 22:00:00
1d - 5h - 36m,66,2024-05-31 22:10:00
1d - 5h - 46m,67,2024-05-31 22:20:00
1d - 5h - 56m,67,2024-05-31 22:30:00
1d - 6h - 6m,67,2024-05-31 22:40:00
1d - 6h - 16m,67,2024-05-31 22:50:00
1d - 6h - 26m,67,2024-05-31 23:00:00
1d - 6h - 36m,67,2024-05-31 23:10:00
1d - 6h - 46m,67,2024-05-31 23:20:00
1d - 6h - 56m,67,2024-05-31 23:30:00
1d - 7h - 6m,67,2024-05-31 23:40:00
1d - 7h - 16m,67,2024-05-31 23:50:00
1d - 7h - 26m,67,2024-06-01 00:00:00
1d - 7h - 36m,67,2024-06-01 00:10:00
1d - 7h - 46m,67,2024-06-01 00:20:00
1d - 7h - 56m,67,2024-06-01 00:30:00
1d - 8h - 6m,67,2024-06-01 00:40:00
1d - 8h - 16m,67,2024-06-01 00:50:00
1d - 8h - 26m,68,2024-06-01 01:00:00
1d - 8h - 36m,68,2024-06-01 01:10:00
1d - 8h - 46m,68,2024-06-01 01:20:00
1d - 8h - 56m,68,2024-06-01 01:30:00
1d - 9h - 6m,68,2024-06-01 01:40:00
1d - 9h - 16m,68,2024-06-01 01:50:00
1d - 9h - 26m,68,2024-06-01 02:00:00
1d - 9h - 36m,68,2024-06-01 02:10:00
1d - 9h - 46m,68,2024-06-01 02:20:00
1d - 9h - 56m,68,2024-06-01 02:30:00
1d - 10h - 6m,68,2024-06-01 02:40:00
1d - 10h - 16m,68,2024-06-01 02:50:00
1d - 10h - 26m,68,2024-06-01 03:00:00
1d - 10h - 36m,69,2024-06-01 03:10:00
1d - 10h - 46m,69,2024-06-01 03:20:00
1d - 10h - 56m,69,2024-06-01 03:30:00
1d - 11h - 6m,69,2024-06-01 03:40:00
1d - 11h - 16m,69,2024-06-01 03:50:00
1d - 11h - 26m,69,2024-06-01 04:00:00
1d - 11h - 36m,69,2024-06-01 04:10:00
1d - 11h - 46m,69,2024-06-01 04:20:00
1d - 11h - 56m,69,2024-06-01 04:30:00
1d - 12h - 6m,70,2024-06-01 04:40:00
1d - 12h - 16m,70,2024-06-01 04:50:00
1d - 12h - 26m,70,2024-06-01 05:00:00
1d - 12h - 36m,70,2024-06-01 05:10:00
1d - 12h - 46m,70,2024-06-01 05:20:00
1d - 12h - 56m,70,2024-06-01 05:30:00
1d - 13h - 6m,70,2024-06-01 05:40:00
1d - 13h - 16m,70,2024-06-01 05:50:00
1d - 13h - 26m,70,2024-06-01 06:00:00
1d - 13h - 36m,70,2024-06-01 06:10:00
1d - 13h - 46m,70,2024-06-01 06:20:00
1d - 13h - 56m,70,2024-06-01 06:30:00
1d - 14h - 6m,70,2024-06-01 06:40:00
1d - 14h - 16m,70,2024-06-01 06:50:00
1d - 14h - 26m,70,2024-06-01 07:00:00
1d - 14h - 36m,70,2024-06-01 07:10:00
1d - 14h - 46m,70,2024-06-01 07:20:00
1d - 14h - 56m,70,2024-06-01 07:30:00
1d - 15h - 6m,70,2024-06-01 07:40:00
1d - 15h - 16m,70,2024-06-01 07:50:00
1d - 15h - 26m,70,2024-06-01 08:00:00
1d - 15h - 36m,70,2024-06-01 08:10:00
1d - 15h - 46m,70,2024-06-01 08:20:00
1d - 15h - 56m,70,2024-06-01 08:30:00
1d - 16h - 6m,70,2024-06-01 08:40:00
1d - 16h - 16m,70,2024-06-01 08:50:00
1d - 16h - 26m,70,2024-06-01 09:00:00
1d - 16h - 36m,71,2024-06-01 09:10:00
1d - 16h - 46m,73,2024-06-01 09:20:00
1d - 16h - 56m,73,2024-06-01 09:30:00
1d - 17h - 6m,73,2024-06-01 09:40:00
1d - 17h - 16m,73,2024-06-01 09:50:00
1d - 17h - 26m,73,2024-06-01 10:00:00
1d - 17h - 36m,74,2024-06-01 10:10:00
1d - 17h - 46m,74,2024-06-01 10:20:00
1d - 17h - 56m,74,2024-06-01 10:30:00
1d - 18h - 6m,74,2024-06-01 10:40:00
1d - 18h - 16m,75,2024-06-01 10:50:00
1d - 18h - 26m,75,2024-06-01 11:00:00
1d - 18h - 36m,75,2024-06-01 11:10:00
1d - 18h - 46m,75,2024-06-01 11:20:00
1d - 18h - 56m,75,2024-06-01 11:30:00
1d - 19h - 6m,75,2024-06-01 11:40:00
1d - 19h - 16m,76,2024-06-01 11:50:00
1d - 19h - 26m,76,2024-06-01 12:00:00
1d - 19h - 36m,76,2024-06-01 12:10:00
1d - 19h - 46m,76,2024-06-01 12:20:00
1d - 19h - 56m,76,2024-06-01 12:30:00
1d - 20h - 6m,76,2024-06-01 12:40:00
1d - 20h - 16m,76,2024-06-01 12:50:00
1d - 20h - 26m,76,2024-06-01 13:00:00
1d - 20h - 36m,76,2024-06-01 13:10:00
1d - 20h - 46m,76,2024-06-01 13:20:00
1d - 20h - 56m,76,2024-06-01 13:30:00
1d - 21h - 6m,76,2024-06-01 13:40:00
1d - 21h - 16m,76,2024-06-01 13:50:00
1d - 21h - 26m,76,2024-06-01 14:00:00
1d - 21h - 36m,76,2024-06-01 14:10:00
1d - 21h - 46m,76,2024-06-01 14:20:00
1d - 21h - 56m,76,2024-06-01 14:30:00
1d - 22h - 6m,76,2024-06-01 14:40:00
1d - 22h - 16m,76,2024-06-01 14:50:00
1d - 22h - 26m,76,2024-06-01 15:00:00
1d - 22h - 36m,76,2024-06-01 15:10:00
1d - 22h - 46m,76,2024-06-01 15:20:00
1d - 22h - 56m,76,2024-06-01 15:30:00
1d - 23h - 6m,76,2024-06-01 15:40:00
1d - 23h - 16m,76,2024-06-01 15:50:00
1d - 23h - 26m,76,2024-06-01 16:00:00
1d - 23h - 36m,76,2024-06-01 16:10:00
1d - 23h - 46m,76,2024-06-01 16:20:00
1d - 23h - 56m,76,2024-06-01 16:30:00
2d - 0h - 6m,76,2024-06-01 16:40:00
2d - 0h - 16m,76,2024-06-01 16:50:00
2d - 0h - 26m,76,2024-06-01 17:00:00
2d - 0h - 36m,76,2024-06-01 17:10:00
2d - 0h - 46m,76,2024-06-01 17:20:00
2d - 0h - 56m,76,2024-06-01 17:30:00
2d - 1h - 6m,76,2024-06-01 17:40:00
2d - 1h - 16m,76,2024-06-01 17:50:00
2d - 1h - 26m,76,2024-06-01 18:00:00
2d - 1h - 36m,76,2024-06-01 18:10:00
2d - 1h - 46m,76,2024-06-01 18:20:00
2d - 1h - 56m,76,2024-06-01 18:30:00
2d - 2h - 6m,76,2024-06-01 18:40:00
2d - 2h - 16m,76,2024-06-01 18:50:00
2d - 2h - 26m,76,2024-06-01 19:00:00
2d - 2h - 36m,76,2024-06-01 19:10:00
2d - 2h - 46m,76,2024-06-01 19:20:00
2d - 2h - 56m,76,2024-06-01 19:30:00
2d - 3h - 6m,76,2024-06-01 19:40:00
2d - 3h - 16m,76,2024-06-01 19:50:00
2d - 3h - 26m,77,2024-06-01 20:00:00
2d - 3h - 36m,77,2024-06-01 20:10:00
2d - 3h - 46m,77,2024-06-01 20:20:00
2d - 3h - 56m,77,2024-06-01 20:30:00
2d - 4h - 6m,77,2024-06-01 20:40:00
2d - 4h - 16m,78,2024-06-01 20:50:00
2d - 4h - 26m,78,2024-06-01 21:00:00
2d - 4h - 36m,78,2024-06-01 21:10:00
2d - 4h - 46m,78,2024-06-01 21:20:00
2d - 4h - 56m,78,2024-06-01 21:30:00
2d - 5h - 6m,78,2024-06-01 21:40:00
2d - 5h - 16m,78,2024-06-01 21:50:00
2d - 5h - 26m,78,2024-06-01 22:00:00
2d - 5h - 36m,78,2024-06-01 22:10:00
2d - 5h - 46m,78,2024-06-01 22:20:00
2d - 5h - 56m,78,2024-06-01 22:30:00
2d - 6h - 6m,78,2024-06-01 22:40:00
2d - 6h - 16m,78,2024-06-01 22:50:00
2d - 6h - 26m,78,2024-06-01 23:00:00
2d - 6h - 36m,78,2024-06-01 23:10:00
2d - 6h - 46m,78,2024-06-01 23:20:00
2d - 6h - 56m,78,2024-06-01 23:30:00
2d - 7h - 6m,78,2024-06-01 23:40:00
2d - 7h - 16m,78,2024-06-01 23:50:00
2d - 7h - 26m,78,2024-06-02 00:00:00
2d - 7h - 36m,78,2024-06-02 00:10:00
2d - 7h - 46m,78,2024-06-02 00:20:00
2d - 7h - 56m,78,2024-06-02 00:30:00
2d - 8h - 6m,78,2024-06-02 00:40:00
2d - 8h - 16m,78,2024-06-02 00:50:00
2d - 8h - 26m,78,2024-06-02 01:00:00
2d - 8h - 36m,78,2024-06-02 01:10:00
2d - 8h - 46m,78,2024-06-02 01:20:00
2d - 8h - 56m,78,2024-06-02 01:30:00
2d - 9h - 6m,78,2024-06-02 01:40:00
2d - 9h - 16m,78,2024-06-02 01:50:00
2d - 9h - 26m,78,2024-06-02 02:00:00
2d - 9h - 36m,78,2024-06-02 02:10:00
2d - 9h - 46m,78,2024-06-02 02:20:00
2d - 9h - 56m,78,2024-06-02 02:30:00
2d - 10h - 6m,78,2024-06-02 02:40:00
2d - 10h - 16m,78,2024-06-02 02:50:00
2d - 10h - 26m,78,2024-06-02 03:00:00
2d - 10h - 36m,78,2024-06-02 03:10:00
2d - 10h - 46m,78,2024-06-02 03:20:00
2d - 10h - 56m,78,2024-06-02 03:30:00
2d - 11h - 6m,78,2024-06-02 03:40:00
2d - 11h - 16m,78,2024-06-02 03:50:00
2d - 11h - 26m,78,2024-06-02 04:00:00
2d - 11h - 36m,78,2024-06-02 04:10:00
2d - 11h - 46m,78,2024-06-02 04:20:00
2d - 11h - 56m,78,2024-06-02 04:30:00
2d - 12h - 6m,79,2024-06-02 04:40:00
2d - 12h - 16m,79,2024-06-02 04:50:00
2d - 12h - 26m,79,2024-06-02 05:00:00
2d - 12h - 36m,80,2024-06-02 05:10:00
2d - 12h - 46m,80,2024-06-02 05:20:00
2d - 12h - 56m,80,2024-06-02 05:30:00
2d - 13h - 6m,80,2024-06-02 05:40:00
2d - 13h - 16m,80,2024-06-02 05:50:00
2d - 13h - 26m,80,2024-06-02 06:00:00
2d - 13h - 36m,80,2024-06-02 06:10:00
2d - 13h - 46m,80,2024-06-02 06:20:00
2d - 13h - 56m,80,2024-06-02 06:30:00
2d - 14h - 6m,80,2024-06-02 06:40:00
2d - 14h - 16m,80,2024-06-02 06:50:00
2d - 14h - 26m,81,2024-06-02 07:00:00
2d - 14h - 36m,81,2024-06-02 07:10:00
2d - 14h - 46m,81,2024-06-02 07:20:00
2d - 14h - 56m,81,2024-06-02 07:30:00
2d - 15h - 6m,81,2024-06-02 07:40:00
2d - 15h - 16m,81,2024-06-02 07:50:00
2d - 15h - 26m,81,2024-06-02 08:00:00
2d - 15h - 36m,81,2024-06-02 08:10:00
2d - 15h - 46m,81,2024-06-02 08:20:00
2d - 15h - 56m,81,2024-06-02 08:30:00
2d - 16h - 6m,81,2024-06-02 08:40:00
2d - 16h - 16m,81,2024-06-02 08:50:00
2d - 16h - 26m,80,2024-06-02 09:00:00
2d - 16h - 36m,80,2024-06-02 09:10:00
2d - 16h - 46m,80,2024-06-02 09:20:00
2d - 16h - 56m,80,2024-06-02 09:30:00
2d - 17h - 6m,80,2024-06-02 09:40:00
2d - 17h - 16m,80,2024-06-02 09:50:00
2d - 17h - 26m,80,2024-06-02 10:00:00
2d - 17h - 36m,80,2024-06-02 10:10:00
2d - 17h - 46m,81,2024-06-02 10:20:00
2d - 17h - 56m,81,2024-06-02 10:30:00
2d - 18h - 6m,81,2024-06-02 10:40:00
2d - 18h - 16m,81,2024-06-02 10:50:00
2d - 18h - 26m,81,2024-06-02 11:00:00
2d - 18h - 36m,81,2024-06-02 11:10:00
2d - 18h - 46m,81,2024-06-02 11:20:00
2d - 18h - 56m,81,2024-06-02 11:30:00
2d - 19h - 6m,81,2024-06-02 11:40:00
2d - 19h - 16m,81,2024-06-02 11:50:00
2d - 19h - 26m,81,2024-06-02 12:00:00
2d - 19h - 36m,81,2024-06-02 12:10:00
2d - 19h - 46m,81,2024-06-02 12:20:00
2d - 19h - 56m,81,2024-06-02 12:30:00
2d - 20h - 6m,81,2024-06-02 12:40:00
2d - 20h - 16m,81,2024-06-02 12:50:00
2d - 20h - 26m,81,2024-06-02 13:00:00
2d - 20h - 36m,81,2024-06-02 13:10:00
2d - 20h - 46m,81,2024-06-02 13:20:00
2d - 20h - 56m,81,2024-06-02 13:30:00
2d - 21h - 6m,81,2024-06-02 13:40:00
2d - 21h - 16m,81,2024-06-02 13:50:00
2d - 21h - 26m,81,2024-06-02 14:00:00
2d - 21h - 36m,82,2024-06-02 14:10:00
2d - 21h - 46m,82,2024-06-02 14:20:00
2d - 21h - 56m,82,2024-06-02 14:30:00
2d - 22h - 6m,82,2024-06-02 14:40:00
2d - 22h - 16m,82,2024-06-02 14:50:00
2d - 22h - 26m,82,2024-06-02 15:00:00
2d - 22h - 36m,82,2024-06-02 15:10:00
2d - 22h - 46m,82,2024-06-02 15:20:00
2d - 22h - 56m,82,2024-06-02 15:30:00
2d - 23h - 6m,82,2024-06-02 15:40:00
2d - 23h - 16m,82,2024-06-02 15:50:00
2d - 23h - 26m,82,2024-06-02 16:00:00
2d - 23h - 36m,82,2024-06-02 16:10:00
2d - 23h - 46m,82,2024-06-02 16:20:00
2d - 23h - 56m,82,2024-06-02 16:30:00
3d - 0h - 6m,82,2024-06-02 16:40:00
3d - 0h - 16m,82,2024-06-02 16:50:00
3d - 0h - 26m,84,2024-06-02 17:00:00
3d - 0h - 36m,84,2024-06-02 17:10:00
3d - 0h - 46m,84,2024-06-02 17:20:00
3d - 0h - 56m,84,2024-06-02 17:30:00
3d - 1h - 6m,84,2024-06-02 17:40:00
3d - 1h - 16m,84,2024-06-02 17:50:00
3d - 1h - 26m,84,2024-06-02 18:00:00
3d - 1h - 36m,84,2024-06-02 18:10:00
3d - 1h - 46m,84,2024-06-02 18:20:00
3d - 1h - 56m,84,2024-06-02 18:30:00
3d - 2h - 6m,84,2024-06-02 18:40:00
3d - 2h - 16m,84,2024-06-02 18:50:00
3d - 2h - 26m,84,2024-06-02 19:00:00
3d - 2h - 36m,84,2024-06-02 19:10:00
3d - 2h - 46m,84,2024-06-02 19:20:00
3d - 2h - 56m,84,2024-06-02 19:30:00
3d - 3h - 6m,84,2024-06-02 19:40:00
3d - 3h - 16m,84,2024-06-02 19:50:00
3d - 3h - 26m,84,2024-06-02 20:00:00
3d - 3h - 36m,84,2024-06-02 20:10:00
3d - 3h - 46m,85,2024-06-02 20:20:00
3d - 3h - 56m,85,2024-06-02 20:30:00
3d - 4h - 6m,87,2024-06-02 20:40:00
3d - 4h - 16m,87,2024-06-02 20:50:00
3d - 4h - 26m,87,2024-06-02 21:00:00
3d - 4h - 36m,87,2024-06-02 21:10:00
3d - 4h - 46m,87,2024-06-02 21:20:00
3d - 4h - 56m,87,2024-06-02 21:30:00
3d - 5h - 6m,87,2024-06-02 21:40:00
3d - 5h - 16m,87,2024-06-02 21:50:00
3d - 5h - 26m,87,2024-06-02 22:00:00
3d - 5h - 36m,87,2024-06-02 22:10:00
3d - 5h - 46m,87,2024-06-02 22:20:00
3d - 5h - 56m,87,2024-06-02 22:30:00
3d - 6h - 6m,86,2024-06-02 22:40:00
3d - 6h - 16m,86,2024-06-02 22:50:00
3d - 6h - 26m,86,2024-06-02 23:00:00
3d - 6h - 36m,86,2024-06-02 23:10:00
3d - 6h - 46m,87,2024-06-02 23:20:00
3d - 6h - 56m,87,2024-06-02 23:30:00
3d - 7h - 6m,87,2024-06-02 23:40:00
3d - 7h - 16m,87,2024-06-02 23:50:00
3d - 7h - 26m,88,2024-06-03 00:00:00
3d - 7h - 36m,88,2024-06-03 00:10:00
3d - 7h - 46m,88,2024-06-03 00:20:00
3d - 7h - 56m,88,2024-06-03 00:30:00
3d - 8h - 6m,88,2024-06-03 00:40:00
3d - 8h - 16m,88,2024-06-03 00:50:00
3d - 8h - 26m,88,2024-06-03 01:00:00
3d - 8h - 36m,88,2024-06-03 01:10:00
3d - 8h - 46m,88,2024-06-03 01:20:00
3d - 8h - 56m,88,2024-06-03 01:30:00
3d - 9h - 6m,89,2024-06-03 01:40:00
3d - 9h - 16m,90,2024-06-03 01:50:00
3d - 9h - 26m,90,2024-06-03 02:00:00
3d - 9h - 36m,90,2024-06-03 02:10:00
3d - 9h - 46m,90,2024-06-03 02:20:00
3d - 9h - 56m,90,2024-06-03 02:30:00
3d - 10h - 6m,90,2024-06-03 02:40:00
3d - 10h - 16m,90,2024-06-03 02:50:00
3d - 10h - 26m,90,2024-06-03 03:00:00
3d - 10h - 36m,90,2024-06-03 03:10:00
3d - 10h - 46m,90,2024-06-03 03:20:00
3d - 10h - 56m,90,2024-06-03 03:30:00
3d - 11h - 6m,90,2024-06-03 03:40:00
3d - 11h - 16m,90,2024-06-03 03:50:00
3d - 11h - 26m,90,2024-06-03 04:00:00
3d - 11h - 36m,90,2024-06-03 04:10:00
3d - 11h - 46m,91,2024-06-03 04:20:00
3d - 11h - 56m,91,2024-06-03 04:30:00
3d - 12h - 6m,91,2024-06-03 04:40:00
3d - 12h - 16m,91,2024-06-03 04:50:00
3d - 12h - 26m,91,2024-06-03 05:00:00
3d - 12h - 36m,91,2024-06-03 05:10:00
3d - 12h - 46m,91,2024-06-03 05:20:00
3d - 12h - 56m,91,2024-06-03 05:30:00
3d - 13h - 6m,91,2024-06-03 05:40:00
3d - 13h - 16m,91,2024-06-03 05:50:00
3d - 13h - 26m,91,2024-06-03 06:00:00
3d - 13h - 36m,91,2024-06-03 06:10:00
3d - 13h - 46m,91,2024-06-03 06:20:00
3d - 13h - 56m,91,2024-06-03 06:30:00
3d - 14h - 6m,91,2024-06-03 06:40:00
3d - 14h - 16m,91,2024-06-03 06:50:00
3d - 14h - 26m,91,2024-06-03 07:00:00
3d - 14h - 36m,91,2024-06-03 07:10:00
3d - 14h - 46m,91,2024-06-03 07:20:00
3d - 14h - 56m,91,2024-06-03 07:30:00
3d - 15h - 6m,91,2024-06-03 07:40:00
3d - 15h - 16m,91,2024-06-03 07:50:00
3d - 15h - 26m,91,2024-06-03 08:00:00
3d - 15h - 36m,92,2024-06-03 08:10:00
3d - 15h - 46m,93,2024-06-03 08:20:00
3d - 15h - 56m,93,2024-06-03 08:30:00
3d - 16h - 6m,93,2024-06-03 08:40:00
3d - 16h - 16m,93,2024-06-03 08:50:00
3d - 16h - 26m,93,2024-06-03 09:00:00
3d - 16h - 36m,93,2024-06-03 09:10:00
3d - 16h - 46m,93,2024-06-03 09:20:00
3d - 16h - 56m,93,2024-06-03 09:30:00
3d - 17h - 6m,93,2024-06-03 09:40:00
3d - 17h - 16m,93,2024-06-03 09:50:00
3d - 17h - 26m,94,2024-06-03 10:00:00
3d - 17h - 36m,94,2024-06-03 10:10:00
3d - 17h - 46m,94,2024-06-03 10:20:00
3d - 17h - 56m,94,2024-06-03 10:30:00
3d - 18h - 6m,94,2024-06-03 10:40:00
3d - 18h - 16m,95,2024-06-03 10:50:00
3d - 18h - 26m,95,2024-06-03 11:00:00
3d - 18h - 36m,95,2024-06-03 11:10:00
3d - 18h - 46m,96,2024-06-03 11:20:00
3d - 18h - 56m,96,2024-06-03 11:30:00
3d - 19h - 6m,97,2024-06-03 11:40:00
3d - 19h - 16m,97,2024-06-03 11:50:00
3d - 19h - 26m,97,2024-06-03 12:00:00
3d - 19h - 36m,97,2024-06-03 12:10:00
3d - 19h - 46m,97,2024-06-03 12:20:00
3d - 19h - 56m,97,2024-06-03 12:30:00
3d - 20h - 6m,97,2024-06-03 12:40:00
3d - 20h - 16m,97,2024-06-03 12:50:00
3d - 20h - 26m,97,2024-06-03 13:00:00
3d - 20h - 36m,97,2024-06-03 13:10:00
3d - 20h - 46m,97,2024-06-03 13:20:00
3d - 20h - 56m,97,2024-06-03 13:30:00
3d - 21h - 6m,97,2024-06-03 13:40:00
3d - 21h - 16m,97,2024-06-03 13:50:00
3d - 21h - 26m,98,2024-06-03 14:00:00
3d - 21h - 36m,98,2024-06-03 14:10:00
3d - 21h - 46m,98,2024-06-03 14:20:00
3d - 21h - 56m,98,2024-06-03 14:30:00
3d - 22h - 6m,98,2024-06-03 14:40:00
3d - 22h - 16m,98,2024-06-03 14:50:00
3d - 22h - 26m,98,2024-06-03 15:00:00
3d - 22h - 36m,98,2024-06-03 15:10:00
3d - 22h - 46m,98,2024-06-03 15:20:00
3d - 22h - 56m,98,2024-06-03 15:30:00
3d - 23h - 6m,98,2024-06-03 15:40:00
3d - 23h - 16m,98,2024-06-03 15:50:00
3d - 23h - 26m,98,2024-06-03 16:00:00
3d - 23h - 36m,98,2024-06-03 16:10:00
3d - 23h - 46m,98,2024-06-03 16:20:00
3d - 23h - 56m,98,2024-06-03 16:30:00
4d - 0h - 6m,98,2024-06-03 16:40:00
4d - 0h - 16m,98,2024-06-03 16:50:00
4d - 0h - 26m,98,2024-06-03 17:00:00
4d - 0h - 36m,98,2024-06-03 17:10:00
4d - 0h - 46m,98,2024-06-03 17:20:00
4d - 0h - 56m,99,2024-06-03 17:30:00
4d - 1h - 6m,99,2024-06-03 17:40:00
4d - 1h - 16m,99,2024-06-03 17:50:00
4d - 1h - 26m,99,2024-06-03 18:00:00
4d - 1h - 36m,100,2024-06-03 18:10:00
4d - 1h - 46m,100,2024-06-03 18:20:00
4d - 1h - 56m,101,2024-06-03 18:30:00
4d - 2h - 6m,101,2024-06-03 18:40:00
4d - 2h - 16m,101,2024-06-03 18:50:00
4d - 2h - 26m,101,2024-06-03 19:00:00
4d - 2h - 36m,101,2024-06-03 19:10:00
4d - 2h - 46m,101,2024-06-03 19:20:00
4d - 2h - 56m,102,2024-06-03 19:30:00
4d - 3h - 6m,102,2024-06-03 19:40:00
4d - 3h - 16m,102,2024-06-03 19:50:00
4d - 3h - 26m,102,2024-06-03 20:00:00
4d - 3h - 36m,102,2024-06-03 20:10:00
4d - 3h - 46m,102,2024-06-03 20:20:00
4d - 3h - 56m,102,2024-06-03 20:30:00
4d - 4h - 6m,102,2024-06-03 20:40:00
4d - 4h - 16m,103,2024-06-03 20:50:00
4d - 4h - 26m,103,2024-06-03 21:00:00
4d - 4h - 36m,103,2024-06-03 21:10:00
4d - 4h - 46m,103,2024-06-03 21:20:00
4d - 4h - 56m,103,2024-06-03 21:30:00
4d - 5h - 6m,103,2024-06-03 21:40:00
4d - 5h - 16m,103,2024-06-03 21:50:00
4d - 5h - 26m,103,2024-06-03 22:00:00
4d - 5h - 36m,103,2024-06-03 22:10:00
4d - 5h - 46m,103,2024-06-03 22:20:00
4d - 5h - 56m,103,2024-06-03 22:30:00
4d - 6h - 6m,103,2024-06-03 22:40:00
4d - 6h - 16m,103,2024-06-03 22:50:00
4d - 6h - 26m,103,2024-06-03 23:00:00
4d - 6h - 36m,104,2024-06-03 23:10:00
4d - 6h - 46m,104,2024-06-03 23:20:00
4d - 6h - 56m,104,2024-06-03 23:30:00
4d - 7h - 6m,104,2024-06-03 23:40:00
4d - 7h - 16m,104,2024-06-03 23:50:00
4d - 7h - 26m,104,2024-06-04 00:00:00
4d - 7h - 36m,104,2024-06-04 00:10:00
4d - 7h - 46m,104,2024-06-04 00:20:00
4d - 7h - 56m,104,2024-06-04 00:30:00
4d - 8h - 6m,104,2024-06-04 00:40:00
4d - 8h - 16m,104,2024-06-04 00:50:00
4d - 8h - 26m,104,2024-06-04 01:00:00
4d - 8h - 36m,104,2024-06-04 01:10:00
4d - 8h - 46m,104,2024-06-04 01:20:00
4d - 8h - 56m,104,2024-06-04 01:30:00
4d - 9h - 6m,104,2024-06-04 01:40:00
4d - 9h - 16m,104,2024-06-04 01:50:00
4d - 9h - 26m,104,2024-06-04 02:00:00
4d - 9h - 36m,104,2024-06-04 02:10:00
4d - 9h - 46m,104,2024-06-04 02:20:00
4d - 9h - 56m,104,2024-06-04 02:30:00
4d - 10h - 6m,104,2024-06-04 02:40:00
4d - 10h - 16m,104,2024-06-04 02:50:00
4d - 10h - 26m,104,2024-06-04 03:00:00
4d - 10h - 36m,104,2024-06-04 03:10:00
4d - 10h - 46m,104,2024-06-04 03:20:00
4d - 10h - 56m,104,2024-06-04 03:30:00
4d - 11h - 6m,104,2024-06-04 03:40:00
4d - 11h - 16m,105,2024-06-04 03:50:00
4d - 11h - 26m,105,2024-06-04 04:00:00
4d - 11h - 36m,105,2024-06-04 04:10:00
4d - 11h - 46m,105,2024-06-04 04:20:00
4d - 11h - 56m,105,2024-06-04 04:30:00
4d - 12h - 6m,105,2024-06-04 04:40:00
4d - 12h - 16m,105,2024-06-04 04:50:00
4d - 12h - 26m,105,2024-06-04 05:00:00
4d - 12h - 36m,105,2024-06-04 05:10:00
4d - 12h - 46m,105,2024-06-04 05:20:00
4d - 12h - 56m,105,2024-06-04 05:30:00
4d - 13h - 6m,105,2024-06-04 05:40:00
4d - 13h - 16m,105,2024-06-04 05:50:00
4d - 13h - 26m,105,2024-06-04 06:00:00
4d - 13h - 36m,105,2024-06-04 06:10:00
4d - 13h - 46m,105,2024-06-04 06:20:00
4d - 13h - 56m,105,2024-06-04 06:30:00
4d - 14h - 6m,105,2024-06-04 06:40:00
4d - 14h - 16m,105,2024-06-04 06:50:00
4d - 14h - 26m,105,2024-06-04 07:00:00
4d - 14h - 36m,105,2024-06-04 07:10:00
4d - 14h - 46m,105,2024-06-04 07:20:00
4d - 14h - 56m,105,2024-06-04 07:30:00
4d - 15h - 6m,105,2024-06-04 07:40:00
4d - 15h - 16m,105,2024-06-04 07:50:00
4d - 15h - 26m,105,2024-06-04 08:00:00
4d - 15h - 36m,105,2024-06-04 08:10:00
4d - 15h - 46m,105,2024-06-04 08:20:00
4d - 15h - 56m,105,2024-06-04 08:30:00
4d - 16h - 6m,105,2024-06-04 08:40:00
4d - 16h - 16m,105,2024-06-04 08:50:00
4d - 16h - 26m,105,2024-06-04 09:00:00
4d - 16h - 36m,105,2024-06-04 09:10:00
4d - 16h - 46m,105,2024-06-04 09:20:00
4d - 16h - 56m,105,2024-06-04 09:30:00
4d - 17h - 6m,105,2024-06-04 09:40:00
4d - 17h - 16m,105,2024-06-04 09:50:00
4d - 17h - 26m,105,2024-06-04 10:00:00
4d - 17h - 36m,105,2024-06-04 10:10:00
4d - 17h - 46m,105,2024-06-04 10:20:00
4d - 17h - 56m,105,2024-06-04 10:30:00
4d - 18h - 6m,105,2024-06-04 10:40:00
4d - 18h - 16m,105,2024-06-04 10:50:00
4d - 18h - 26m,105,2024-06-04 11:00:00
4d - 18h - 36m,106,2024-06-04 11:10:00
4d - 18h - 46m,106,2024-06-04 11:20:00
4d - 18h - 56m,106,2024-06-04 11:30:00
4d - 19h - 6m,106,2024-06-04 11:40:00
4d - 19h - 16m,106,2024-06-04 11:50:00
4d - 19h - 26m,106,2024-06-04 12:00:00
4d - 19h - 36m,106,2024-06-04 12:10:00
4d - 19h - 46m,106,2024-06-04 12:20:00
4d - 19h - 56m,107,2024-06-04 12:30:00
4d - 20h - 6m,107,2024-06-04 12:40:00
4d - 20h - 16m,107,2024-06-04 12:50:00
4d - 20h - 26m,107,2024-06-04 13:00:00
4d - 20h - 36m,107,2024-06-04 13:10:00
4d - 20h - 46m,107,2024-06-04 13:20:00
4d - 20h - 56m,107,2024-06-04 13:30:00
4d - 21h - 6m,107,2024-06-04 13:40:00
4d - 21h - 16m,107,2024-06-04 13:50:00
4d - 21h - 26m,107,2024-06-04 14:00:00
4d - 21h - 36m,107,2024-06-04 14:10:00
4d - 21h - 46m,107,2024-06-04 14:20:00
4d - 21h - 56m,107,2024-06-04 14:30:00
4d - 22h - 6m,107,2024-06-04 14:40:00
4d - 22h - 16m,107,2024-06-04 14:50:00
4d - 22h - 26m,107,2024-06-04 15:00:00
4d - 22h - 36m,107,2024-06-04 15:10:00
4d - 22h - 46m,108,2024-06-04 15:20:00
4d - 22h - 56m,108,2024-06-04 15:30:00
4d - 23h - 6m,108,2024-06-04 15:40:00
4d - 23h - 16m,108,2024-06-04 15:50:00
4d - 23h - 26m,108,2024-06-04 16:00:00
4d - 23h - 36m,108,2024-06-04 16:10:00
4d - 23h - 46m,108,2024-06-04 16:20:00
4d - 23h - 56m,108,2024-06-04 16:30:00
5d - 0h - 6m,108,2024-06-04 16:40:00
5d - 0h - 16m,108,2024-06-04 16:50:00
5d - 0h - 26m,108,2024-06-04 17:00:00
5d - 0h - 36m,108,2024-06-04 17:10:00
5d - 0h - 46m,108,2024-06-04 17:20:00
5d - 0h - 56m,108,2024-06-04 17:30:00
5d - 1h - 6m,108,2024-06-04 17:40:00
5d - 1h - 16m,108,2024-06-04 17:50:00
5d - 1h - 26m,108,2024-06-04 18:00:00
5d - 1h - 36m,108,2024-06-04 18:10:00
5d - 1h - 46m,108,2024-06-04 18:20:00
5d - 1h - 56m,108,2024-06-04 18:30:00
5d - 2h - 6m,108,2024-06-04 18:40:00
5d - 2h - 16m,108,2024-06-04 18:50:00
5d - 2h - 26m,108,2024-06-04 19:00:00
5d - 2h - 36m,108,2024-06-04 19:10:00
5d - 2h - 46m,108,2024-06-04 19:20:00
5d - 2h - 56m,108,2024-06-04 19:30:00
5d - 3h - 6m,108,2024-06-04 19:40:00
5d - 3h - 16m,109,2024-06-04 19:50:00
5d - 3h - 26m,109,2024-06-04 20:00:00
5d - 3h - 36m,110,2024-06-04 20:10:00
5d - 3h - 46m,110,2024-06-04 20:20:00
5d - 3h - 56m,111,2024-06-04 20:30:00
5d - 4h - 6m,111,2024-06-04 20:40:00
5d - 4h - 16m,111,2024-06-04 20:50:00
5d - 4h - 26m,111,2024-06-04 21:00:00
5d - 4h - 36m,111,2024-06-04 21:10:00
5d - 4h - 46m,112,2024-06-04 21:20:00
5d - 4h - 56m,112,2024-06-04 21:30:00
5d - 5h - 6m,112,2024-06-04 21:40:00
5d - 5h - 16m,113,2024-06-04 21:50:00
5d - 5h - 26m,114,2024-06-04 22:00:00
5d - 5h - 36m,114,2024-06-04 22:10:00
5d - 5h - 46m,114,2024-06-04 22:20:00
5d - 5h - 56m,114,2024-06-04 22:30:00
5d - 6h - 6m,115,2024-06-04 22:40:00
5d - 6h - 16m,115,2024-06-04 22:50:00
5d - 6h - 26m,115,2024-06-04 23:00:00
5d - 6h - 36m,115,2024-06-04 23:10:00
5d - 6h - 46m,115,2024-06-04 23:20:00
5d - 6h - 56m,116,2024-06-04 23:30:00
5d - 7h - 6m,116,2024-06-04 23:40:00
5d - 7h - 16m,116,2024-06-04 23:50:00
5d - 7h - 26m,116,2024-06-05 00:00:00
5d - 7h - 36m,116,2024-06-05 00:10:00
5d - 7h - 46m,116,2024-06-05 00:20:00
5d - 7h - 56m,116,2024-06-05 00:30:00
5d - 8h - 6m,116,2024-06-05 00:40:00
5d - 8h - 16m,116,2024-06-05 00:50:00
5d - 8h - 26m,116,2024-06-05 01:00:00
5d - 8h - 36m,116,2024-06-05 01:10:00
5d - 8h - 46m,116,2024-06-05 01:20:00
5d - 8h - 56m,116,2024-06-05 01:30:00
5d - 9h - 6m,116,2024-06-05 01:40:00
5d - 9h - 16m,116,2024-06-05 01:50:00
5d - 9h - 26m,116,2024-06-05 02:00:00
5d - 9h - 36m,116,2024-06-05 02:10:00
5d - 9h - 46m,116,2024-06-05 02:20:00
5d - 9h - 56m,116,2024-06-05 02:30:00
5d - 10h - 6m,116,2024-06-05 02:40:00
5d - 10h - 16m,116,2024-06-05 02:50:00
5d - 10h - 26m,116,2024-06-05 03:00:00
5d - 10h - 36m,116,2024-06-05 03:10:00
5d - 10h - 46m,116,2024-06-05 03:20:00
5d - 10h - 56m,116,2024-06-05 03:30:00
5d - 11h - 6m,116,2024-06-05 03:40:00
5d - 11h - 16m,116,2024-06-05 03:50:00
5d - 11h - 26m,117,2024-06-05 04:00:00
5d - 11h - 36m,117,2024-06-05 04:10:00
5d - 11h - 46m,117,2024-06-05 04:20:00
5d - 11h - 56m,117,2024-06-05 04:30:00
5d - 12h - 6m,117,2024-06-05 04:40:00
5d - 12h - 16m,117,2024-06-05 04:50:00
5d - 12h - 26m,117,2024-06-05 05:00:00
5d - 12h - 36m,117,2024-06-05 05:10:00
5d - 12h - 46m,117,2024-06-05 05:20:00
5d - 12h - 56m,117,2024-06-05 05:30:00
5d - 13h - 6m,117,2024-06-05 05:40:00
5d - 13h - 16m,117,2024-06-05 05:50:00
5d - 13h - 26m,117,2024-06-05 06:00:00
5d - 13h - 36m,117,2024-06-05 06:10:00
5d - 13h - 46m,117,2024-06-05 06:20:00
5d - 13h - 56m,117,2024-06-05 06:30:00
5d - 14h - 6m,117,2024-06-05 06:40:00
5d - 14h - 16m,117,2024-06-05 06:50:00
5d - 14h - 26m,117,2024-06-05 07:00:00
5d - 14h - 36m,117,2024-06-05 07:10:00
5d - 14h - 46m,117,2024-06-05 07:20:00
5d - 14h - 56m,117,2024-06-05 07:30:00
5d - 15h - 6m,117,2024-06-05 07:40:00
5d - 15h - 16m,117,2024-06-05 07:50:00
5d - 15h - 26m,117,2024-06-05 08:00:00
5d - 15h - 36m,117,2024-06-05 08:10:00
5d - 15h - 46m,117,2024-06-05 08:20:00
5d - 15h - 56m,117,2024-06-05 08:30:00
5d - 16h - 6m,117,2024-06-05 08:40:00
5d - 16h - 16m,117,2024-06-05 08:50:00
5d - 16h - 26m,117,2024-06-05 09:00:00
5d - 16h - 36m,117,2024-06-05 09:10:00
5d - 16h - 46m,117,2024-06-05 09:20:00
5d - 16h - 56m,117,2024-06-05 09:30:00
5d - 17h - 6m,118,2024-06-05 09:40:00
5d - 17h - 16m,118,2024-06-05 09:50:00
5d - 17h - 26m,118,2024-06-05 10:00:00
5d - 17h - 36m,118,2024-06-05 10:10:00
5d - 17h - 46m,119,2024-06-05 10:20:00
5d - 17h - 56m,119,2024-06-05 10:30:00
5d - 18h - 6m,119,2024-06-05 10:40:00
5d - 18h - 16m,120,2024-06-05 10:50:00
5d - 18h - 26m,120,2024-06-05 11:00:00
5d - 18h - 36m,120,2024-06-05 11:10:00
5d - 18h - 46m,120,2024-06-05 11:20:00
5d - 18h - 56m,120,2024-06-05 11:30:00
5d - 19h - 6m,120,2024-06-05 11:40:00
5d - 19h - 16m,120,2024-06-05 11:50:00
5d - 19h - 26m,120,2024-06-05 12:00:00
5d - 19h - 36m,120,2024-06-05 12:10:00
5d - 19h - 46m,120,2024-06-05 12:20:00
5d - 19h - 56m,120,2024-06-05 12:30:00
5d - 20h - 6m,120,2024-06-05 12:40:00
5d - 20h - 16m,120,2024-06-05 12:50:00
5d - 20h - 26m,120,2024-06-05 13:00:00
5d - 20h - 36m,121,2024-06-05 13:10:00
5d - 20h - 46m,122,2024-06-05 13:20:00
5d - 20h - 56m,122,2024-06-05 13:30:00
5d - 21h - 6m,122,2024-06-05 13:40:00
5d - 21h - 16m,122,2024-06-05 13:50:00
5d - 21h - 26m,122,2024-06-05 14:00:00
5d - 21h - 36m,122,2024-06-05 14:10:00
5d - 21h - 46m,123,2024-06-05 14:20:00
5d - 21h - 56m,123,2024-06-05 14:30:00
5d - 22h - 6m,124,2024-06-05 14:40:00
5d - 22h - 16m,124,2024-06-05 14:50:00
5d - 22h - 26m,124,2024-06-05 15:00:00
5d - 22h - 36m,124,2024-06-05 15:10:00
5d - 22h - 46m,124,2024-06-05 15:20:00
5d - 22h - 56m,124,2024-06-05 15:30:00
5d - 23h - 6m,124,2024-06-05 15:40:00
5d - 23h - 16m,124,2024-06-05 15:50:00
5d - 23h - 26m,124,2024-06-05 16:00:00
5d - 23h - 36m,124,2024-06-05 16:10:00
5d - 23h - 46m,124,2024-06-05 16:20:00
5d - 23h - 56m,124,2024-06-05 16:30:00
6d - 0h - 6m,124,2024-06-05 16:40:00
6d - 0h - 16m,124,2024-06-05 16:50:00
6d - 0h - 26m,124,2024-06-05 17:00:00
6d - 0h - 36m,124,2024-06-05 17:10:00
6d - 0h - 46m,124,2024-06-05 17:20:00
6d - 0h - 56m,124,2024-06-05 17:30:00
6d - 1h - 6m,124,2024-06-05 17:40:00
6d - 1h - 16m,124,2024-06-05 17:50:00
6d - 1h - 26m,124,2024-06-05 18:00:00
6d - 1h - 36m,124,2024-06-05 18:10:00
6d - 1h - 46m,124,2024-06-05 18:20:00
6d - 1h - 56m,124,2024-06-05 18:30:00
6d - 2h - 6m,124,2024-06-05 18:40:00
6d - 2h - 16m,124,2024-06-05 18:50:00
6d - 2h - 26m,124,2024-06-05 19:00:00
6d - 2h - 36m,124,2024-06-05 19:10:00
6d - 2h - 46m,124,2024-06-05 19:20:00
6d - 2h - 56m,124,2024-06-05 19:30:00
6d - 3h - 6m,124,2024-06-05 19:40:00
6d - 3h - 16m,124,2024-06-05 19:50:00
6d - 3h - 26m,124,2024-06-05 20:00:00
6d - 3h - 36m,123,2024-06-05 20:10:00
6d - 3h - 46m,123,2024-06-05 20:20:00
6d - 3h - 56m,123,2024-06-05 20:30:00
6d - 4h - 6m,123,2024-06-05 20:40:00
6d - 4h - 16m,123,2024-06-05 20:50:00
6d - 4h - 26m,124,2024-06-05 21:00:00
6d - 4h - 36m,124,2024-06-05 21:10:00
6d - 4h - 46m,124,2024-06-05 21:20:00
6d - 4h - 56m,124,2024-06-05 21:30:00
6d - 5h - 6m,124,2024-06-05 21:40:00
6d - 5h - 16m,124,2024-06-05 21:50:00
6d - 5h - 26m,124,2024-06-05 22:00:00
6d - 5h - 36m,124,2024-06-05 22:10:00
6d - 5h - 46m,124,2024-06-05 22:20:00
6d - 5h - 56m,124,2024-06-05 22:30:00
6d - 6h - 6m,124,2024-06-05 22:40:00
6d - 6h - 16m,124,2024-06-05 22:50:00
6d - 6h - 26m,124,2024-06-05 23:00:00
6d - 6h - 36m,124,2024-06-05 23:10:00
6d - 6h - 46m,124,2024-06-05 23:20:00
6d - 6h - 56m,124,2024-06-05 23:30:00
6d - 7h - 6m,124,2024-06-05 23:40:00
6d - 7h - 16m,124,2024-06-05 23:50:00
6d - 7h - 26m,124,2024-06-06 00:00:00
6d - 7h - 36m,124,2024-06-06 00:10:00
6d - 7h - 46m,124,2024-06-06 00:20:00
6d - 7h - 56m,125,2024-06-06 00:30:00
6d - 8h - 6m,125,2024-06-06 00:40:00
6d - 8h - 16m,125,2024-06-06 00:50:00
6d - 8h - 26m,125,2024-06-06 01:00:00
6d - 8h - 36m,125,2024-06-06 01:10:00
6d - 8h - 46m,125,2024-06-06 01:20:00
6d - 8h - 56m,125,2024-06-06 01:30:00
6d - 9h - 6m,125,2024-06-06 01:40:00
6d - 9h - 16m,125,2024-06-06 01:50:00
6d - 9h - 26m,125,2024-06-06 02:00:00
6d - 9h - 36m,125,2024-06-06 02:10:00
6d - 9h - 46m,125,2024-06-06 02:20:00
6d - 9h - 56m,125,2024-06-06 02:30:00
6d - 10h - 6m,125,2024-06-06 02:40:00
6d - 10h - 16m,125,2024-06-06 02:50:00
6d - 10h - 26m,125,2024-06-06 03:00:00
6d - 10h - 36m,126,2024-06-06 03:10:00
6d - 10h - 46m,126,2024-06-06 03:20:00
6d - 10h - 56m,126,2024-06-06 03:30:00
6d - 11h - 6m,126,2024-06-06 03:40:00
6d - 11h - 16m,126,2024-06-06 03:50:00
6d - 11h - 26m,126,2024-06-06 04:00:00
6d - 11h - 36m,126,2024-06-06 04:10:00
6d - 11h - 46m,126,2024-06-06 04:20:00
6d - 11h - 56m,126,2024-06-06 04:30:00
6d - 12h - 6m,126,2024-06-06 04:40:00
6d - 12h - 16m,126,2024-06-06 04:50:00
6d - 12h - 26m,126,2024-06-06 05:00:00
6d - 12h - 36m,126,2024-06-06 05:10:00
6d - 12h - 46m,126,2024-06-06 05:20:00
6d - 12h - 56m,126,2024-06-06 05:30:00
6d - 13h - 6m,126,2024-06-06 05:40:00
6d - 13h - 16m,126,2024-06-06 05:50:00
6d - 13h - 26m,126,2024-06-06 06:00:00
6d - 13h - 36m,126,2024-06-06 06:10:00
6d - 13h - 46m,126,2024-06-06 06:20:00
6d - 13h - 56m,126,2024-06-06 06:30:00
6d - 14h - 6m,126,2024-06-06 06:40:00
6d - 14h - 16m,126,2024-06-06 06:50:00
6d - 14h - 26m,126,2024-06-06 07:00:00
6d - 14h - 36m,126,2024-06-06 07:10:00
6d - 14h - 46m,126,2024-06-06 07:20:00
6d - 14h - 56m,126,2024-06-06 07:30:00
6d - 15h - 6m,126,2024-06-06 07:40:00
6d - 15h - 16m,126,2024-06-06 07:50:00
6d - 15h - 26m,126,2024-06-06 08:00:00
6d - 15h - 36m,126,2024-06-06 08:10:00
6d - 15h - 46m,126,2024-06-06 08:20:00
6d - 15h - 56m,126,2024-06-06 08:30:00
6d - 16h - 6m,126,2024-06-06 08:40:00
6d - 16h - 16m,126,2024-06-06 08:50:00
6d - 16h - 26m,126,2024-06-06 09:00:00
6d - 16h - 36m,127,2024-06-06 09:10:00
6d - 16h - 46m,127,2024-06-06 09:20:00
6d - 16h - 56m,127,2024-06-06 09:30:00
6d - 17h - 6m,127,2024-06-06 09:40:00
6d - 17h - 16m,127,2024-06-06 09:50:00
6d - 17h - 26m,127,2024-06-06 10:00:00
6d - 17h - 36m,127,2024-06-06 10:10:00
6d - 17h - 46m,127,2024-06-06 10:20:00
6d - 17h - 56m,127,2024-06-06 10:30:00
6d - 18h - 6m,127,2024-06-06 10:40:00
6d - 18h - 16m,127,2024-06-06 10:50:00
6d - 18h - 26m,127,2024-06-06 11:00:00
6d - 18h - 36m,127,2024-06-06 11:10:00
6d - 18h - 46m,127,2024-06-06 11:20:00
6d - 18h - 56m,127,2024-06-06 11:30:00
6d - 19h - 6m,128,2024-06-06 11:40:00
6d - 19h - 16m,129,2024-06-06 11:50:00
6d - 19h - 26m,129,2024-06-06 12:00:00
6d - 19h - 36m,129,2024-06-06 12:10:00
6d - 19h - 46m,129,2024-06-06 12:20:00
6d - 19h - 56m,129,2024-06-06 12:30:00
6d - 20h - 6m,129,2024-06-06 12:40:00
6d - 20h - 16m,129,2024-06-06 12:50:00
6d - 20h - 26m,129,2024-06-06 13:00:00
6d - 20h - 36m,129,2024-06-06 13:10:00
6d - 20h - 46m,129,2024-06-06 13:20:00
6d - 20h - 56m,129,2024-06-06 13:30:00
6d - 21h - 6m,129,2024-06-06 13:40:00
6d - 21h - 16m,129,2024-06-06 13:50:00
6d - 21h - 26m,129,2024-06-06 14:00:00
6d - 21h - 36m,129,2024-06-06 14:10:00
6d - 21h - 46m,129,2024-06-06 14:20:00
6d - 21h - 56m,129,2024-06-06 14:30:00
6d - 22h - 6m,129,2024-06-06 14:40:00
6d - 22h - 16m,129,2024-06-06 14:50:00
6d - 22h - 26m,129,2024-06-06 15:00:00
6d - 22h - 36m,129,2024-06-06 15:10:00
6d - 22h - 46m,129,2024-06-06 15:20:00
6d - 22h - 56m,129,2024-06-06 15:30:00
6d - 23h - 6m,129,2024-06-06 15:40:00
6d - 23h - 16m,129,2024-06-06 15:50:00
6d - 23h - 26m,129,2024-06-06 16:00:00
6d - 23h - 36m,129,2024-06-06 16:10:00
6d - 23h - 46m,129,2024-06-06 16:20:00
6d - 23h - 56m,129,2024-06-06 16:30:00
7d - 0h - 6m,129,2024-06-06 16:40:00
7d - 0h - 16m,129,2024-06-06 16:50:00
7d - 0h - 26m,129,2024-06-06 17:00:00
7d - 0h - 36m,129,2024-06-06 17:10:00
7d - 0h - 46m,129,2024-06-06 17:20:00
7d - 0h - 56m,129,2024-06-06 17:30:00
7d - 1h - 6m,129,2024-06-06 17:40:00
7d - 1h - 16m,129,2024-06-06 17:50:00
7d - 1h - 26m,129,2024-06-06 18:00:00
7d - 1h - 36m,129,2024-06-06 18:10:00
7d - 1h - 46m,129,2024-06-06 18:20:00
7d - 1h - 56m,129,2024-06-06 18:30:00
7d - 2h - 6m,130,2024-06-06 18:40:00
7d - 2h - 16m,130,2024-06-06 18:50:00
7d - 2h - 26m,130,2024-06-06 19:00:00
7d - 2h - 36m,130,2024-06-06 19:10:00
7d - 2h - 46m,130,2024-06-06 19:20:00
7d - 2h - 56m,130,2024-06-06 19:30:00
7d - 3h - 6m,131,2024-06-06 19:40:00
7d - 3h - 16m,131,2024-06-06 19:50:00
7d - 3h - 26m,131,2024-06-06 20:00:00
7d - 3h - 36m,131,2024-06-06 20:10:00
7d - 3h - 46m,131,2024-06-06 20:20:00
7d - 3h - 56m,131,2024-06-06 20:30:00
7d - 4h - 6m,131,2024-06-06 20:40:00
7d - 4h - 16m,131,2024-06-06 20:50:00
7d - 4h - 26m,131,2024-06-06 21:00:00
7d - 4h - 36m,131,2024-06-06 21:10:00
7d - 4h - 46m,132,2024-06-06 21:20:00
7d - 4h - 56m,132,2024-06-06 21:30:00
7d - 5h - 6m,132,2024-06-06 21:40:00
7d - 5h - 16m,132,2024-06-06 21:50:00
7d - 5h - 26m,132,2024-06-06 22:00:00
7d - 5h - 36m,132,2024-06-06 22:10:00
7d - 5h - 46m,132,2024-06-06 22:20:00
7d - 5h - 56m,132,2024-06-06 22:30:00
7d - 6h - 6m,132,2024-06-06 22:40:00
7d - 6h - 16m,132,2024-06-06 22:50:00
7d - 6h - 26m,133,2024-06-06 23:00:00
7d - 6h - 36m,133,2024-06-06 23:10:00
7d - 6h - 46m,134,2024-06-06 23:20:00
7d - 6h - 56m,134,2024-06-06 23:30:00
7d - 7h - 6m,134,2024-06-06 23:40:00
7d - 7h - 16m,134,2024-06-06 23:50:00
7d - 7h - 26m,134,2024-06-07 00:00:00
7d - 7h - 36m,134,2024-06-07 00:10:00
7d - 7h - 46m,134,2024-06-07 00:20:00
7d - 7h - 56m,134,2024-06-07 00:30:00
7d - 8h - 6m,135,2024-06-07 00:40:00
7d - 8h - 16m,135,2024-06-07 00:50:00
7d - 8h - 26m,135,2024-06-07 01:00:00
7d - 8h - 36m,136,2024-06-07 01:10:00
7d - 8h - 46m,136,2024-06-07 01:20:00
7d - 8h - 56m,136,2024-06-07 01:30:00
7d - 9h - 6m,136,2024-06-07 01:40:00
7d - 9h - 16m,136,2024-06-07 01:50:00
7d - 9h - 26m,136,2024-06-07 02:00:00
7d - 9h - 36m,136,2024-06-07 02:10:00
7d - 9h - 46m,136,2024-06-07 02:20:00
7d - 9h - 56m,136,2024-06-07 02:30:00
7d - 10h - 6m,136,2024-06-07 02:40:00
7d - 10h - 16m,136,2024-06-07 02:50:00
7d - 10h - 26m,136,2024-06-07 03:00:00
7d - 10h - 36m,136,2024-06-07 03:10:00
7d - 10h - 46m,136,2024-06-07 03:20:00
7d - 10h - 56m,136,2024-06-07 03:30:00
7d - 11h - 6m,136,2024-06-07 03:40:00
7d - 11h - 16m,136,2024-06-07 03:50:00
7d - 11h - 26m,136,2024-06-07 04:00:00
7d - 11h - 36m,136,2024-06-07 04:10:00
7d - 11h - 46m,136,2024-06-07 04:20:00
7d - 11h - 56m,136,2024-06-07 04:30:00
7d - 12h - 6m,136,2024-06-07 04:40:00
7d - 12h - 16m,136,2024-06-07 04:50:00
7d - 12h - 26m,136,2024-06-07 05:00:00
7d - 12h - 36m,136,2024-06-07 05:10:00
7d - 12h - 46m,136,2024-06-07 05:20:00
7d - 12h - 56m,136,2024-06-07 05:30:00
7d - 13h - 6m,136,2024-06-07 05:40:00
7d - 13h - 16m,136,2024-06-07 05:50:00
7d - 13h - 26m,136,2024-06-07 06:00:00
7d - 13h - 36m,136,2024-06-07 06:10:00
7d - 13h - 46m,136,2024-06-07 06:20:00
7d - 13h - 56m,136,2024-06-07 06:30:00
7d - 14h - 6m,136,2024-06-07 06:40:00
7d - 14h - 16m,136,2024-06-07 06:50:00
7d - 14h - 26m,136,2024-06-07 07:00:00
7d - 14h - 36m,136,2024-06-07 07:10:00
7d - 14h - 46m,136,2024-06-07 07:20:00
7d - 14h - 56m,136,2024-06-07 07:30:00
7d - 15h - 6m,136,2024-06-07 07:40:00
7d - 15h - 16m,136,2024-06-07 07:50:00
7d - 15h - 26m,136,2024-06-07 08:00:00
7d - 15h - 36m,136,2024-06-07 08:10:00
7d - 15h - 46m,136,2024-06-07 08:20:00
7d - 15h - 56m,136,2024-06-07 08:30:00
7d - 16h - 6m,136,2024-06-07 08:40:00
7d - 16h - 16m,137,2024-06-07 08:50:00
7d - 16h - 26m,137,2024-06-07 09:00:00
7d - 16h - 36m,137,2024-06-07 09:10:00
7d - 16h - 46m,137,2024-06-07 09:20:00
7d - 16h - 56m,137,2024-06-07 09:30:00
7d - 17h - 6m,137,2024-06-07 09:40:00
7d - 17h - 16m,137,2024-06-07 09:50:00
7d - 17h - 26m,137,2024-06-07 10:00:00
7d - 17h - 36m,137,2024-06-07 10:10:00
7d - 17h - 46m,137,2024-06-07 10:20:00
7d - 17h - 56m,137,2024-06-07 10:30:00
7d - 18h - 6m,137,2024-06-07 10:40:00
7d - 18h - 16m,137,2024-06-07 10:50:00
7d - 18h - 26m,137,2024-06-07 11:00:00
7d - 18h - 36m,137,2024-06-07 11:10:00
7d - 18h - 46m,137,2024-06-07 11:20:00
7d - 18h - 56m,137,2024-06-07 11:30:00
7d - 19h - 6m,137,2024-06-07 11:40:00
7d - 19h - 16m,137,2024-06-07 11:50:00
7d - 19h - 26m,137,2024-06-07 12:00:00
7d - 19h - 36m,137,2024-06-07 12:10:00
7d - 19h - 46m,137,2024-06-07 12:20:00
7d - 19h - 56m,137,2024-06-07 12:30:00
7d - 20h - 6m,137,2024-06-07 12:40:00
7d - 20h - 16m,137,2024-06-07 12:50:00
7d - 20h - 26m,137,2024-06-07 13:00:00
7d - 20h - 36m,137,2024-06-07 13:10:00
7d - 20h - 46m,138,2024-06-07 13:20:00
7d - 20h - 56m,138,2024-06-07 13:30:00
7d - 21h - 6m,138,2024-06-07 13:40:00
7d - 21h - 16m,138,2024-06-07 13:50:00
7d - 21h - 26m,138,2024-06-07 14:00:00
7d - 21h - 36m,138,2024-06-07 14:10:00
7d - 21h - 46m,138,2024-06-07 14:20:00
7d - 21h - 56m,138,2024-06-07 14:30:00
7d - 22h - 6m,138,2024-06-07 14:40:00
7d - 22h - 16m,138,2024-06-07 14:50:00
7d - 22h - 26m,138,2024-06-07 15:00:00
7d - 22h - 36m,138,2024-06-07 15:10:00
7d - 22h - 46m,138,2024-06-07 15:20:00
7d - 22h - 56m,138,2024-06-07 15:30:00
7d - 23h - 6m,138,2024-06-07 15:40:00
7d - 23h - 16m,138,2024-06-07 15:50:00
7d - 23h - 26m,138,2024-06-07 16:00:00
7d - 23h - 36m,138,2024-06-07 16:10:00
7d - 23h - 46m,138,2024-06-07 16:20:00
7d - 23h - 56m,138,2024-06-07 16:30:00
8d - 0h - 6m,138,2024-06-07 16:40:00
8d - 0h - 16m,138,2024-06-07 16:50:00
8d - 0h - 26m,138,2024-06-07 17:00:00
8d - 0h - 36m,138,2024-06-07 17:10:00
8d - 0h - 46m,138,2024-06-07 17:20:00
8d - 0h - 56m,138,2024-06-07 17:30:00
8d - 1h - 6m,138,2024-06-07 17:40:00
8d - 1h - 16m,138,2024-06-07 17:50:00
8d - 1h - 26m,138,2024-06-07 18:00:00
8d - 1h - 36m,138,2024-06-07 18:10:00
8d - 1h - 46m,138,2024-06-07 18:20:00
8d - 1h - 56m,138,2024-06-07 18:30:00
8d - 2h - 6m,138,2024-06-07 18:40:00
8d - 2h - 16m,138,2024-06-07 18:50:00
8d - 2h - 26m,138,2024-06-07 19:00:00
8d - 2h - 36m,138,2024-06-07 19:10:00
8d - 2h - 46m,138,2024-06-07 19:20:00
8d - 2h - 56m,138,2024-06-07 19:30:00
8d - 3h - 6m,138,2024-06-07 19:40:00
8d - 3h - 16m,138,2024-06-07 19:50:00
8d - 3h - 26m,138,2024-06-07 20:00:00
8d - 3h - 36m,138,2024-06-07 20:10:00
8d - 3h - 46m,138,2024-06-07 20:20:00
8d - 3h - 56m,138,2024-06-07 20:30:00
8d - 4h - 6m,138,2024-06-07 20:40:00
8d - 4h - 16m,138,2024-06-07 20:50:00
8d - 4h - 26m,139,2024-06-07 21:00:00
8d - 4h - 36m,139,2024-06-07 21:10:00
8d - 4h - 46m,139,2024-06-07 21:20:00
8d - 4h - 56m,139,2024-06-07 21:30:00
8d - 5h - 6m,139,2024-06-07 21:40:00
8d - 5h - 16m,139,2024-06-07 21:50:00
8d - 5h - 26m,139,2024-06-07 22:00:00
8d - 5h - 36m,139,2024-06-07 22:10:00
8d - 5h - 46m,139,2024-06-07 22:20:00
8d - 5h - 56m,139,2024-06-07 22:30:00
8d - 6h - 6m,139,2024-06-07 22:40:00
8d - 6h - 16m,139,2024-06-07 22:50:00
8d - 6h - 26m,139,2024-06-07 23:00:00
8d - 6h - 36m,139,2024-06-07 23:10:00
8d - 6h - 46m,139,2024-06-07 23:20:00
8d - 6h - 56m,139,2024-06-07 23:30:00
8d - 7h - 6m,139,2024-06-07 23:40:00
8d - 7h - 16m,139,2024-06-07 23:50:00
8d - 7h - 26m,139,2024-06-08 00:00:00
8d - 7h - 36m,139,2024-06-08 00:10:00
8d - 7h - 46m,139,2024-06-08 00:20:00
8d - 7h - 56m,139,2024-06-08 00:30:00
8d - 8h - 6m,139,2024-06-08 00:40:00
8d - 8h - 16m,139,2024-06-08 00:50:00
8d - 8h - 26m,139,2024-06-08 01:00:00
8d - 8h - 36m,140,2024-06-08 01:10:00
8d - 8h - 46m,140,2024-06-08 01:20:00
8d - 8h - 56m,140,2024-06-08 01:30:00
8d - 9h - 6m,140,2024-06-08 01:40:00
8d - 9h - 16m,141,2024-06-08 01:50:00
8d - 9h - 26m,141,2024-06-08 02:00:00
8d - 9h - 36m,141,2024-06-08 02:10:00
8d - 9h - 46m,141,2024-06-08 02:20:00
8d - 9h - 56m,141,2024-06-08 02:30:00
8d - 10h - 6m,141,2024-06-08 02:40:00
8d - 10h - 16m,141,2024-06-08 02:50:00
8d - 10h - 26m,140,2024-06-08 03:00:00
8d - 10h - 36m,140,2024-06-08 03:10:00
8d - 10h - 46m,140,2024-06-08 03:20:00
8d - 10h - 56m,140,2024-06-08 03:30:00
8d - 11h - 6m,140,2024-06-08 03:40:00
8d - 11h - 16m,140,2024-06-08 03:50:00
8d - 11h - 26m,140,2024-06-08 04:00:00
8d - 11h - 36m,140,2024-06-08 04:10:00
8d - 11h - 46m,140,2024-06-08 04:20:00
8d - 11h - 56m,140,2024-06-08 04:30:00
8d - 12h - 6m,140,2024-06-08 04:40:00
8d - 12h - 16m,140,2024-06-08 04:50:00
8d - 12h - 26m,140,2024-06-08 05:00:00
8d - 12h - 36m,140,2024-06-08 05:10:00
8d - 12h - 46m,140,2024-06-08 05:20:00
8d - 12h - 56m,140,2024-06-08 05:30:00
8d - 13h - 6m,140,2024-06-08 05:40:00
8d - 13h - 16m,140,2024-06-08 05:50:00
8d - 13h - 26m,140,2024-06-08 06:00:00
8d - 13h - 36m,140,2024-06-08 06:10:00
8d - 13h - 46m,140,2024-06-08 06:20:00
8d - 13h - 56m,140,2024-06-08 06:30:00
8d - 14h - 6m,140,2024-06-08 06:40:00
8d - 14h - 16m,140,2024-06-08 06:50:00
8d - 14h - 26m,140,2024-06-08 07:00:00
8d - 14h - 36m,140,2024-06-08 07:10:00
8d - 14h - 46m,140,2024-06-08 07:20:00
8d - 14h - 56m,140,2024-06-08 07:30:00
8d - 15h - 6m,140,2024-06-08 07:40:00
8d - 15h - 16m,140,2024-06-08 07:50:00
8d - 15h - 26m,140,2024-06-08 08:00:00
8d - 15h - 36m,140,2024-06-08 08:10:00
8d - 15h - 46m,140,2024-06-08 08:20:00
8d - 15h - 56m,140,2024-06-08 08:30:00
8d - 16h - 6m,140,2024-06-08 08:40:00
8d - 16h - 16m,140,2024-06-08 08:50:00
8d - 16h - 26m,140,2024-06-08 09:00:00
8d - 16h - 36m,140,2024-06-08 09:10:00
8d - 16h - 46m,140,2024-06-08 09:20:00
8d - 16h - 56m,140,2024-06-08 09:30:00
8d - 17h - 6m,140,2024-06-08 09:40:00
8d - 17h - 16m,140,2024-06-08 09:50:00
8d - 17h - 26m,140,2024-06-08 10:00:00
8d - 17h - 36m,140,2024-06-08 10:10:00
8d - 17h - 46m,140,2024-06-08 10:20:00
8d - 17h - 56m,140,2024-06-08 10:30:00
8d - 18h - 6m,140,2024-06-08 10:40:00
8d - 18h - 16m,140,2024-06-08 10:50:00
8d - 18h - 26m,140,2024-06-08 11:00:00
8d - 18h - 36m,140,2024-06-08 11:10:00
8d - 18h - 46m,140,2024-06-08 11:20:00
8d - 18h - 56m,140,2024-06-08 11:30:00
8d - 19h - 6m,140,2024-06-08 11:40:00
8d - 19h - 16m,140,2024-06-08 11:50:00
8d - 19h - 26m,140,2024-06-08 12:00:00
8d - 19h - 36m,140,2024-06-08 12:10:00
8d - 19h - 46m,140,2024-06-08 12:20:00
8d - 19h - 56m,140,2024-06-08 12:30:00
8d - 20h - 6m,140,2024-06-08 12:40:00
8d - 20h - 16m,140,2024-06-08 12:50:00
8d - 20h - 26m,140,2024-06-08 13:00:00
8d - 20h - 36m,140,2024-06-08 13:10:00
8d - 20h - 46m,140,2024-06-08 13:20:00
8d - 20h - 56m,140,2024-06-08 13:30:00
8d - 21h - 6m,140,2024-06-08 13:40:00
8d - 21h - 16m,140,2024-06-08 13:50:00
8d - 21h - 26m,140,2024-06-08 14:00:00
8d - 21h - 36m,140,2024-06-08 14:10:00
8d - 21h - 46m,140,2024-06-08 14:20:00
8d - 21h - 56m,140,2024-06-08 14:30:00
8d - 22h - 6m,140,2024-06-08 14:40:00
8d - 22h - 16m,140,2024-06-08 14:50:00
8d - 22h - 26m,140,2024-06-08 15:00:00
8d - 22h - 36m,140,2024-06-08 15:10:00
8d - 22h - 46m,140,2024-06-08 15:20:00
8d - 22h - 56m,141,2024-06-08 15:30:00
8d - 23h - 6m,141,2024-06-08 15:40:00
8d - 23h - 16m,141,2024-06-08 15:50:00
8d - 23h - 26m,141,2024-06-08 16:00:00
8d - 23h - 36m,141,2024-06-08 16:10:00
8d - 23h - 46m,141,2024-06-08 16:20:00
8d - 23h - 56m,141,2024-06-08 16:30:00
9d - 0h - 6m,142,2024-06-08 16:40:00
9d - 0h - 16m,142,2024-06-08 16:50:00
9d - 0h - 26m,142,2024-06-08 17:00:00
9d - 0h - 36m,142,2024-06-08 17:10:00
9d - 0h - 46m,142,2024-06-08 17:20:00
9d - 0h - 56m,142,2024-06-08 17:30:00
9d - 1h - 6m,142,2024-06-08 17:40:00
9d - 1h - 16m,142,2024-06-08 17:50:00
9d - 1h - 26m,142,2024-06-08 18:00:00
9d - 1h - 36m,142,2024-06-08 18:10:00
9d - 1h - 46m,142,2024-06-08 18:20:00
9d - 1h - 56m,142,2024-06-08 18:30:00
9d - 2h - 6m,142,2024-06-08 18:40:00
9d - 2h - 16m,142,2024-06-08 18:50:00
9d - 2h - 26m,142,2024-06-08 19:00:00
9d - 2h - 36m,142,2024-06-08 19:10:00
9d - 2h - 46m,142,2024-06-08 19:20:00
9d - 2h - 56m,142,2024-06-08 19:30:00
9d - 3h - 6m,142,2024-06-08 19:40:00
9d - 3h - 16m,143,2024-06-08 19:50:00
9d - 3h - 26m,143,2024-06-08 20:00:00
9d - 3h - 36m,143,2024-06-08 20:10:00
9d - 3h - 46m,143,2024-06-08 20:20:00
9d - 3h - 56m,143,2024-06-08 20:30:00
9d - 4h - 6m,143,2024-06-08 20:40:00
9d - 4h - 16m,143,2024-06-08 20:50:00
9d - 4h - 26m,143,2024-06-08 21:00:00
9d - 4h - 36m,143,2024-06-08 21:10:00
9d - 4h - 46m,143,2024-06-08 21:20:00
9d - 4h - 56m,143,2024-06-08 21:30:00
9d - 5h - 6m,143,2024-06-08 21:40:00
9d - 5h - 16m,143,2024-06-08 21:50:00
9d - 5h - 26m,143,2024-06-08 22:00:00
9d - 5h - 36m,143,2024-06-08 22:10:00
9d - 5h - 46m,143,2024-06-08 22:20:00
9d - 5h - 56m,143,2024-06-08 22:30:00
9d - 6h - 6m,143,2024-06-08 22:40:00
9d - 6h - 16m,143,2024-06-08 22:50:00
9d - 6h - 26m,143,2024-06-08 23:00:00
9d - 6h - 36m,143,2024-06-08 23:10:00
9d - 6h - 46m,143,2024-06-08 23:20:00
9d - 6h - 56m,144,2024-06-08 23:30:00
9d - 7h - 6m,144,2024-06-08 23:40:00
9d - 7h - 16m,144,2024-06-08 23:50:00
9d - 7h - 26m,144,2024-06-09 00:00:00
9d - 7h - 36m,145,2024-06-09 00:10:00
9d - 7h - 46m,145,2024-06-09 00:20:00
9d - 7h - 56m,145,2024-06-09 00:30:00
9d - 8h - 6m,145,2024-06-09 00:40:00
9d - 8h - 16m,145,2024-06-09 00:50:00
9d - 8h - 26m,145,2024-06-09 01:00:00
9d - 8h - 36m,145,2024-06-09 01:10:00
9d - 8h - 46m,146,2024-06-09 01:20:00
9d - 8h - 56m,146,2024-06-09 01:30:00
9d - 9h - 6m,146,2024-06-09 01:40:00
9d - 9h - 16m,146,2024-06-09 01:50:00
9d - 9h - 26m,147,2024-06-09 02:00:00
9d - 9h - 36m,147,2024-06-09 02:10:00
9d - 9h - 46m,147,2024-06-09 02:20:00
9d - 9h - 56m,147,2024-06-09 02:30:00
9d - 10h - 6m,147,2024-06-09 02:40:00
9d - 10h - 16m,147,2024-06-09 02:50:00
9d - 10h - 26m,147,2024-06-09 03:00:00
9d - 10h - 36m,147,2024-06-09 03:10:00
9d - 10h - 46m,147,2024-06-09 03:20:00
9d - 10h - 56m,147,2024-06-09 03:30:00
9d - 11h - 6m,147,2024-06-09 03:40:00
9d - 11h - 16m,147,2024-06-09 03:50:00
9d - 11h - 26m,147,2024-06-09 04:00:00
9d - 11h - 36m,147,2024-06-09 04:10:00
9d - 11h - 46m,147,2024-06-09 04:20:00
9d - 11h - 56m,147,2024-06-09 04:30:00
9d - 12h - 6m,147,2024-06-09 04:40:00
9d - 12h - 16m,147,2024-06-09 04:50:00
9d - 12h - 26m,147,2024-06-09 05:00:00
9d - 12h - 36m,147,2024-06-09 05:10:00
9d - 12h - 46m,147,2024-06-09 05:20:00
9d - 12h - 56m,147,2024-06-09 05:30:00
9d - 13h - 6m,147,2024-06-09 05:40:00
9d - 13h - 16m,147,2024-06-09 05:50:00
9d - 13h - 26m,147,2024-06-09 06:00:00
9d - 13h - 36m,147,2024-06-09 06:10:00
9d - 13h - 46m,147,2024-06-09 06:20:00
9d - 13h - 56m,147,2024-06-09 06:30:00
9d - 14h - 6m,147,2024-06-09 06:40:00
9d - 14h - 16m,147,2024-06-09 06:50:00
9d - 14h - 26m,147,2024-06-09 07:00:00
9d - 14h - 36m,148,2024-06-09 07:10:00
9d - 14h - 46m,148,2024-06-09 07:20:00
9d - 14h - 56m,148,2024-06-09 07:30:00
9d - 15h - 6m,148,2024-06-09 07:40:00
9d - 15h - 16m,148,2024-06-09 07:50:00
9d - 15h - 26m,148,2024-06-09 08:00:00
9d - 15h - 36m,148,2024-06-09 08:10:00
9d - 15h - 46m,148,2024-06-09 08:20:00
9d - 15h - 56m,148,2024-06-09 08:30:00
9d - 16h - 6m,148,2024-06-09 08:40:00
9d - 16h - 16m,148,2024-06-09 08:50:00
9d - 16h - 26m,148,2024-06-09 09:00:00
9d - 16h - 36m,148,2024-06-09 09:10:00
9d - 16h - 46m,148,2024-06-09 09:20:00
9d - 16h - 56m,148,2024-06-09 09:30:00
9d - 17h - 6m,148,2024-06-09 09:40:00
9d - 17h - 16m,148,2024-06-09 09:50:00
9d - 17h - 26m,148,2024-06-09 10:00:00
9d - 17h - 36m,148,2024-06-09 10:10:00
9d - 17h - 46m,148,2024-06-09 10:20:00
9d - 17h - 56m,148,2024-06-09 10:30:00
9d - 18h - 6m,148,2024-06-09 10:40:00
9d - 18h - 16m,148,2024-06-09 10:50:00
9d - 18h - 26m,148,2024-06-09 11:00:00
9d - 18h - 36m,148,2024-06-09 11:10:00
9d - 18h - 46m,148,2024-06-09 11:20:00
9d - 18h - 56m,148,2024-06-09 11:30:00
9d - 19h - 6m,148,2024-06-09 11:40:00
9d - 19h - 16m,148,2024-06-09 11:50:00
9d - 19h - 26m,148,2024-06-09 12:00:00
9d - 19h - 36m,148,2024-06-09 12:10:00
9d - 19h - 46m,148,2024-06-09 12:20:00
9d - 19h - 56m,148,2024-06-09 12:30:00
9d - 20h - 6m,148,2024-06-09 12:40:00
9d - 20h - 16m,148,2024-06-09 12:50:00
9d - 20h - 26m,148,2024-06-09 13:00:00
9d - 20h - 36m,149,2024-06-09 13:10:00
9d - 20h - 46m,149,2024-06-09 13:20:00
9d - 20h - 56m,149,2024-06-09 13:30:00
9d - 21h - 6m,149,2024-06-09 13:40:00
9d - 21h - 16m,149,2024-06-09 13:50:00
9d - 21h - 26m,149,2024-06-09 14:00:00
9d - 21h - 36m,149,2024-06-09 14:10:00
9d - 21h - 46m,149,2024-06-09 14:20:00
9d - 21h - 56m,149,2024-06-09 14:30:00
9d - 22h - 6m,149,2024-06-09 14:40:00
9d - 22h - 16m,149,2024-06-09 14:50:00
9d - 22h - 26m,149,2024-06-09 15:00:00
9d - 22h - 36m,149,2024-06-09 15:10:00
9d - 22h - 46m,149,2024-06-09 15:20:00
9d - 22h - 56m,149,2024-06-09 15:30:00
9d - 23h - 6m,149,2024-06-09 15:40:00
9d - 23h - 16m,149,2024-06-09 15:50:00
9d - 23h - 26m,149,2024-06-09 16:00:00
9d - 23h - 36m,149,2024-06-09 16:10:00
9d - 23h - 46m,149,2024-06-09 16:20:00
9d - 23h - 56m,149,2024-06-09 16:30:00
10d - 0h - 6m,149,2024-06-09 16:40:00
10d - 0h - 16m,149,2024-06-09 16:50:00
10d - 0h - 26m,149,2024-06-09 17:00:00
10d - 0h - 36m,150,2024-06-09 17:10:00
10d - 0h - 46m,150,2024-06-09 17:20:00
10d - 0h - 56m,150,2024-06-09 17:30:00
10d - 1h - 6m,150,2024-06-09 17:40:00
10d - 1h - 16m,150,2024-06-09 17:50:00
10d - 1h - 26m,150,2024-06-09 18:00:00
10d - 1h - 36m,150,2024-06-09 18:10:00
10d - 1h - 46m,150,2024-06-09 18:20:00
10d - 1h - 56m,150,2024-06-09 18:30:00
10d - 2h - 6m,150,2024-06-09 18:40:00
10d - 2h - 16m,150,2024-06-09 18:50:00
10d - 2h - 26m,150,2024-06-09 19:00:00
10d - 2h - 36m,150,2024-06-09 19:10:00
10d - 2h - 46m,150,2024-06-09 19:20:00
10d - 2h - 56m,150,2024-06-09 19:30:00
10d - 3h - 6m,150,2024-06-09 19:40:00
10d - 3h - 16m,150,2024-06-09 19:50:00
10d - 3h - 26m,150,2024-06-09 20:00:00
10d - 3h - 36m,150,2024-06-09 20:10:00
10d - 3h - 46m,150,2024-06-09 20:20:00
10d - 3h - 56m,150,2024-06-09 20:30:00
10d - 4h - 6m,150,2024-06-09 20:40:00
10d - 4h - 16m,150,2024-06-09 20:50:00
10d - 4h - 26m,150,2024-06-09 21:00:00
10d - 4h - 36m,151,2024-06-09 21:10:00
10d - 4h - 46m,151,2024-06-09 21:20:00
10d - 4h - 56m,151,2024-06-09 21:30:00
10d - 5h - 6m,151,2024-06-09 21:40:00
10d - 5h - 16m,151,2024-06-09 21:50:00
10d - 5h - 26m,151,2024-06-09 22:00:00
10d - 5h - 36m,151,2024-06-09 22:10:00
10d - 5h - 46m,151,2024-06-09 22:20:00
10d - 5h - 56m,151,2024-06-09 22:30:00
10d - 6h - 6m,151,2024-06-09 22:40:00
10d - 6h - 16m,151,2024-06-09 22:50:00
10d - 6h - 26m,151,2024-06-09 23:00:00
10d - 6h - 36m,151,2024-06-09 23:10:00
10d - 6h - 46m,151,2024-06-09 23:20:00
10d - 6h - 56m,151,2024-06-09 23:30:00
10d - 7h - 6m,151,2024-06-09 23:40:00
10d - 7h - 16m,151,2024-06-09 23:50:00
10d - 7h - 26m,151,2024-06-10 00:00:00
10d - 7h - 36m,151,2024-06-10 00:10:00
10d - 7h - 46m,151,2024-06-10 00:20:00
10d - 7h - 56m,151,2024-06-10 00:30:00
10d - 8h - 6m,151,2024-06-10 00:40:00
10d - 8h - 16m,151,2024-06-10 00:50:00
10d - 8h - 26m,151,2024-06-10 01:00:00
10d - 8h - 36m,151,2024-06-10 01:10:00
10d - 8h - 46m,151,2024-06-10 01:20:00
10d - 8h - 56m,151,2024-06-10 01:30:00
10d - 9h - 6m,151,2024-06-10 01:40:00
10d - 9h - 16m,151,2024-06-10 01:50:00
10d - 9h - 26m,151,2024-06-10 02:00:00
10d - 9h - 36m,151,2024-06-10 02:10:00
10d - 9h - 46m,150,2024-06-10 02:20:00
10d - 9h - 56m,150,2024-06-10 02:30:00
10d - 10h - 6m,150,2024-06-10 02:40:00
10d - 10h - 16m,150,2024-06-10 02:50:00
10d - 10h - 26m,150,2024-06-10 03:00:00
10d - 10h - 36m,150,2024-06-10 03:10:00
10d - 10h - 46m,150,2024-06-10 03:20:00
10d - 10h - 56m,150,2024-06-10 03:30:00
10d - 11h - 6m,150,2024-06-10 03:40:00
10d - 11h - 16m,150,2024-06-10 03:50:00
10d - 11h - 26m,150,2024-06-10 04:00:00
10d - 11h - 36m,150,2024-06-10 04:10:00
10d - 11h - 46m,150,2024-06-10 04:20:00
10d - 11h - 56m,150,2024-06-10 04:30:00
10d - 12h - 6m,150,2024-06-10 04:40:00
10d - 12h - 16m,150,2024-06-10 04:50:00
10d - 12h - 26m,150,2024-06-10 05:00:00
10d - 12h - 36m,150,2024-06-10 05:10:00
10d - 12h - 46m,150,2024-06-10 05:20:00
10d - 12h - 56m,151,2024-06-10 05:30:00
10d - 13h - 6m,151,2024-06-10 05:40:00
10d - 13h - 16m,151,2024-06-10 05:50:00
10d - 13h - 26m,151,2024-06-10 06:00:00
10d - 13h - 36m,151,2024-06-10 06:10:00
10d - 13h - 46m,151,2024-06-10 06:20:00
10d - 13h - 56m,151,2024-06-10 06:30:00
10d - 14h - 6m,151,2024-06-10 06:40:00
10d - 14h - 16m,151,2024-06-10 06:50:00
10d - 14h - 26m,151,2024-06-10 07:00:00
10d - 14h - 36m,151,2024-06-10 07:10:00
10d - 14h - 46m,151,2024-06-10 07:20:00
10d - 14h - 56m,151,2024-06-10 07:30:00
10d - 15h - 6m,151,2024-06-10 07:40:00
10d - 15h - 16m,151,2024-06-10 07:50:00
10d - 15h - 26m,151,2024-06-10 08:00:00
10d - 15h - 36m,151,2024-06-10 08:10:00
10d - 15h - 46m,151,2024-06-10 08:20:00
10d - 15h - 56m,151,2024-06-10 08:30:00
10d - 16h - 6m,151,2024-06-10 08:40:00
10d - 16h - 16m,151,2024-06-10 08:50:00
10d - 16h - 26m,151,2024-06-10 09:00:00
10d - 16h - 36m,151,2024-06-10 09:10:00
10d - 16h - 46m,151,2024-06-10 09:20:00
10d - 16h - 56m,151,2024-06-10 09:30:00
10d - 17h - 6m,151,2024-06-10 09:40:00
10d - 17h - 16m,151,2024-06-10 09:50:00
10d - 17h - 26m,151,2024-06-10 10:00:00
10d - 17h - 36m,151,2024-06-10 10:10:00
10d - 17h - 46m,151,2024-06-10 10:20:00
10d - 17h - 56m,151,2024-06-10 10:30:00
10d - 18h - 6m,151,2024-06-10 10:40:00
10d - 18h - 16m,151,2024-06-10 10:50:00
10d - 18h - 26m,151,2024-06-10 11:00:00
10d - 18h - 36m,151,2024-06-10 11:10:00
10d - 18h - 46m,151,2024-06-10 11:20:00
10d - 18h - 56m,151,2024-06-10 11:30:00
10d - 19h - 6m,151,2024-06-10 11:40:00
10d - 19h - 16m,151,2024-06-10 11:50:00
10d - 19h - 26m,151,2024-06-10 12:00:00
10d - 19h - 36m,151,2024-06-10 12:10:00
10d - 19h - 46m,151,2024-06-10 12:20:00
10d - 19h - 56m,151,2024-06-10 12:30:00
10d - 20h - 6m,151,2024-06-10 12:40:00
10d - 20h - 16m,151,2024-06-10 12:50:00
10d - 20h - 26m,151,2024-06-10 13:00:00
10d - 20h - 36m,151,2024-06-10 13:10:00
10d - 20h - 46m,153,2024-06-10 13:20:00
10d - 20h - 56m,153,2024-06-10 13:30:00
10d - 21h - 6m,154,2024-06-10 13:40:00
10d - 21h - 16m,154,2024-06-10 13:50:00
10d - 21h - 26m,154,2024-06-10 14:00:00
10d - 21h - 36m,154,2024-06-10 14:10:00
10d - 21h - 46m,154,2024-06-10 14:20:00
10d - 21h - 56m,154,2024-06-10 14:30:00
10d - 22h - 6m,154,2024-06-10 14:40:00
10d - 22h - 16m,154,2024-06-10 14:50:00
10d - 22h - 26m,154,2024-06-10 15:00:00
10d - 22h - 36m,154,2024-06-10 15:10:00
10d - 22h - 46m,154,2024-06-10 15:20:00
10d - 22h - 56m,155,2024-06-10 15:30:00
10d - 23h - 6m,155,2024-06-10 15:40:00
10d - 23h - 16m,155,2024-06-10 15:50:00
10d - 23h - 26m,155,2024-06-10 16:00:00
10d - 23h - 36m,155,2024-06-10 16:10:00
10d - 23h - 46m,155,2024-06-10 16:20:00
10d - 23h - 56m,155,2024-06-10 16:30:00
11d - 0h - 6m,155,2024-06-10 16:40:00
11d - 0h - 16m,155,2024-06-10 16:50:00
11d - 0h - 26m,155,2024-06-10 17:00:00
11d - 0h - 36m,155,2024-06-10 17:10:00
11d - 0h - 46m,155,2024-06-10 17:20:00
11d - 0h - 56m,155,2024-06-10 17:30:00
11d - 1h - 6m,155,2024-06-10 17:40:00
11d - 1h - 16m,155,2024-06-10 17:50:00
11d - 1h - 26m,155,2024-06-10 18:00:00
11d - 1h - 36m,155,2024-06-10 18:10:00
11d - 1h - 46m,155,2024-06-10 18:20:00
11d - 1h - 56m,155,2024-06-10 18:30:00
11d - 2h - 6m,155,2024-06-10 18:40:00
11d - 2h - 16m,155,2024-06-10 18:50:00
11d - 2h - 26m,155,2024-06-10 19:00:00
11d - 2h - 36m,155,2024-06-10 19:10:00
11d - 2h - 46m,155,2024-06-10 19:20:00
11d - 2h - 56m,155,2024-06-10 19:30:00
11d - 3h - 6m,155,2024-06-10 19:40:00
11d - 3h - 16m,155,2024-06-10 19:50:00
11d - 3h - 26m,155,2024-06-10 20:00:00
11d - 3h - 36m,155,2024-06-10 20:10:00
11d - 3h - 46m,155,2024-06-10 20:20:00
11d - 3h - 56m,155,2024-06-10 20:30:00
11d - 4h - 6m,155,2024-06-10 20:40:00
11d - 4h - 16m,155,2024-06-10 20:50:00
11d - 4h - 26m,156,2024-06-10 21:00:00
11d - 4h - 36m,156,2024-06-10 21:10:00
11d - 4h - 46m,156,2024-06-10 21:20:00
11d - 4h - 56m,156,2024-06-10 21:30:00
11d - 5h - 6m,156,2024-06-10 21:40:00
11d - 5h - 16m,156,2024-06-10 21:50:00
11d - 5h - 26m,156,2024-06-10 22:00:00
11d - 5h - 36m,156,2024-06-10 22:10:00
11d - 5h - 46m,156,2024-06-10 22:20:00
11d - 5h - 56m,156,2024-06-10 22:30:00
11d - 6h - 6m,157,2024-06-10 22:40:00
11d - 6h - 16m,157,2024-06-10 22:50:00
11d - 6h - 26m,157,2024-06-10 23:00:00
11d - 6h - 36m,158,2024-06-10 23:10:00
11d - 6h - 46m,158,2024-06-10 23:20:00
11d - 6h - 56m,158,2024-06-10 23:30:00
11d - 7h - 6m,158,2024-06-10 23:40:00
11d - 7h - 16m,158,2024-06-10 23:50:00
11d - 7h - 26m,158,2024-06-11 00:00:00
11d - 7h - 36m,158,2024-06-11 00:10:00
11d - 7h - 46m,158,2024-06-11 00:20:00
11d - 7h - 56m,158,2024-06-11 00:30:00
11d - 8h - 6m,158,2024-06-11 00:40:00
11d - 8h - 16m,158,2024-06-11 00:50:00
11d - 8h - 26m,158,2024-06-11 01:00:00
11d - 8h - 36m,159,2024-06-11 01:10:00
11d - 8h - 46m,159,2024-06-11 01:20:00
11d - 8h - 56m,159,2024-06-11 01:30:00
11d - 9h - 6m,159,2024-06-11 01:40:00
11d - 9h - 16m,159,2024-06-11 01:50:00
11d - 9h - 26m,159,2024-06-11 02:00:00
11d - 9h - 36m,159,2024-06-11 02:10:00
11d - 9h - 46m,159,2024-06-11 02:20:00
11d - 9h - 56m,159,2024-06-11 02:30:00
11d - 10h - 6m,159,2024-06-11 02:40:00
11d - 10h - 16m,159,2024-06-11 02:50:00
11d - 10h - 26m,159,2024-06-11 03:00:00
11d - 10h - 36m,160,2024-06-11 03:10:00
11d - 10h - 46m,160,2024-06-11 03:20:00
11d - 10h - 56m,160,2024-06-11 03:30:00
11d - 11h - 6m,160,2024-06-11 03:40:00
11d - 11h - 16m,160,2024-06-11 03:50:00
11d - 11h - 26m,160,2024-06-11 04:00:00
11d - 11h - 36m,160,2024-06-11 04:10:00
11d - 11h - 46m,160,2024-06-11 04:20:00
11d - 11h - 56m,160,2024-06-11 04:30:00
11d - 12h - 6m,160,2024-06-11 04:40:00
11d - 12h - 16m,160,2024-06-11 04:50:00
11d - 12h - 26m,160,2024-06-11 05:00:00
11d - 12h - 36m,161,2024-06-11 05:10:00
11d - 12h - 46m,161,2024-06-11 05:20:00
11d - 12h - 56m,161,2024-06-11 05:30:00
11d - 13h - 6m,161,2024-06-11 05:40:00
11d - 13h - 16m,161,2024-06-11 05:50:00
11d - 13h - 26m,161,2024-06-11 06:00:00
11d - 13h - 36m,161,2024-06-11 06:10:00
11d - 13h - 46m,161,2024-06-11 06:20:00
11d - 13h - 56m,161,2024-06-11 06:30:00
11d - 14h - 6m,161,2024-06-11 06:40:00
11d - 14h - 16m,161,2024-06-11 06:50:00
11d - 14h - 26m,161,2024-06-11 07:00:00
11d - 14h - 36m,161,2024-06-11 07:10:00
11d - 14h - 46m,161,2024-06-11 07:20:00
11d - 14h - 56m,161,2024-06-11 07:30:00
11d - 15h - 6m,161,2024-06-11 07:40:00
11d - 15h - 16m,161,2024-06-11 07:50:00
11d - 15h - 26m,161,2024-06-11 08:00:00
11d - 15h - 36m,161,2024-06-11 08:10:00
11d - 15h - 46m,161,2024-06-11 08:20:00
11d - 15h - 56m,161,2024-06-11 08:30:00
11d - 16h - 6m,161,2024-06-11 08:40:00
11d - 16h - 16m,161,2024-06-11 08:50:00
11d - 16h - 26m,161,2024-06-11 09:00:00
11d - 16h - 36m,161,2024-06-11 09:10:00
11d - 16h - 46m,161,2024-06-11 09:20:00
11d - 16h - 56m,161,2024-06-11 09:30:00
11d - 17h - 6m,161,2024-06-11 09:40:00
11d - 17h - 16m,161,2024-06-11 09:50:00
11d - 17h - 26m,161,2024-06-11 10:00:00
11d - 17h - 36m,161,2024-06-11 10:10:00
11d - 17h - 46m,161,2024-06-11 10:20:00
11d - 17h - 56m,161,2024-06-11 10:30:00
11d - 18h - 6m,161,2024-06-11 10:40:00
11d - 18h - 16m,161,2024-06-11 10:50:00
11d - 18h - 26m,161,2024-06-11 11:00:00
11d - 18h - 36m,161,2024-06-11 11:10:00
11d - 18h - 46m,161,2024-06-11 11:20:00
11d - 18h - 56m,161,2024-06-11 11:30:00
11d - 19h - 6m,161,2024-06-11 11:40:00
11d - 19h - 16m,161,2024-06-11 11:50:00
11d - 19h - 26m,161,2024-06-11 12:00:00
11d - 19h - 36m,161,2024-06-11 12:10:00
11d - 19h - 46m,161,2024-06-11 12:20:00
11d - 19h - 56m,161,2024-06-11 12:30:00
11d - 20h - 6m,161,2024-06-11 12:40:00
11d - 20h - 16m,161,2024-06-11 12:50:00
11d - 20h - 26m,161,2024-06-11 13:00:00
11d - 20h - 36m,161,2024-06-11 13:10:00
11d - 20h - 46m,162,2024-06-11 13:20:00
11d - 20h - 56m,162,2024-06-11 13:30:00
11d - 21h - 6m,162,2024-06-11 13:40:00
11d - 21h - 16m,162,2024-06-11 13:50:00
11d - 21h - 26m,162,2024-06-11 14:00:00
11d - 21h - 36m,162,2024-06-11 14:10:00
11d - 21h - 46m,162,2024-06-11 14:20:00
11d - 21h - 56m,162,2024-06-11 14:30:00
11d - 22h - 6m,162,2024-06-11 14:40:00
11d - 22h - 16m,162,2024-06-11 14:50:00
11d - 22h - 26m,162,2024-06-11 15:00:00
11d - 22h - 36m,162,2024-06-11 15:10:00
11d - 22h - 46m,162,2024-06-11 15:20:00
11d - 22h - 56m,162,2024-06-11 15:30:00
11d - 23h - 6m,162,2024-06-11 15:40:00
11d - 23h - 16m,162,2024-06-11 15:50:00
11d - 23h - 26m,162,2024-06-11 16:00:00
11d - 23h - 36m,162,2024-06-11 16:10:00
11d - 23h - 46m,162,2024-06-11 16:20:00
11d - 23h - 56m,163,2024-06-11 16:30:00
12d - 0h - 6m,163,2024-06-11 16:40:00
12d - 0h - 16m,163,2024-06-11 16:50:00
12d - 0h - 26m,163,2024-06-11 17:00:00
12d - 0h - 36m,163,2024-06-11 17:10:00
12d - 0h - 46m,163,2024-06-11 17:20:00
12d - 0h - 56m,163,2024-06-11 17:30:00
12d - 1h - 6m,164,2024-06-11 17:40:00
12d - 1h - 16m,164,2024-06-11 17:50:00
12d - 1h - 26m,164,2024-06-11 18:00:00
12d - 1h - 36m,164,2024-06-11 18:10:00
12d - 1h - 46m,164,2024-06-11 18:20:00
12d - 1h - 56m,164,2024-06-11 18:30:00
12d - 2h - 6m,164,2024-06-11 18:40:00
12d - 2h - 16m,164,2024-06-11 18:50:00
12d - 2h - 26m,164,2024-06-11 19:00:00
12d - 2h - 36m,164,2024-06-11 19:10:00
12d - 2h - 46m,164,2024-06-11 19:20:00
12d - 2h - 56m,164,2024-06-11 19:30:00
12d - 3h - 6m,164,2024-06-11 19:40:00
12d - 3h - 16m,164,2024-06-11 19:50:00
12d - 3h - 26m,164,2024-06-11 20:00:00
12d - 3h - 36m,164,2024-06-11 20:10:00
12d - 3h - 46m,164,2024-06-11 20:20:00
12d - 3h - 56m,164,2024-06-11 20:30:00
12d - 4h - 6m,164,2024-06-11 20:40:00
12d - 4h - 16m,164,2024-06-11 20:50:00
12d - 4h - 26m,164,2024-06-11 21:00:00
12d - 4h - 36m,164,2024-06-11 21:10:00
12d - 4h - 46m,164,2024-06-11 21:20:00
12d - 4h - 56m,164,2024-06-11 21:30:00
12d - 5h - 6m,164,2024-06-11 21:40:00
12d - 5h - 16m,165,2024-06-11 21:50:00
12d - 5h - 26m,165,2024-06-11 22:00:00
12d - 5h - 36m,165,2024-06-11 22:10:00
12d - 5h - 46m,165,2024-06-11 22:20:00
12d - 5h - 56m,165,2024-06-11 22:30:00
12d - 6h - 6m,165,2024-06-11 22:40:00
12d - 6h - 16m,165,2024-06-11 22:50:00
12d - 6h - 26m,165,2024-06-11 23:00:00
12d - 6h - 36m,165,2024-06-11 23:10:00
12d - 6h - 46m,165,2024-06-11 23:20:00
12d - 6h - 56m,165,2024-06-11 23:30:00
12d - 7h - 6m,165,2024-06-11 23:40:00
12d - 7h - 16m,166,2024-06-11 23:50:00
12d - 7h - 26m,166,2024-06-12 00:00:00
12d - 7h - 36m,166,2024-06-12 00:10:00
12d - 7h - 46m,166,2024-06-12 00:20:00
12d - 7h - 56m,166,2024-06-12 00:30:00
12d - 8h - 6m,166,2024-06-12 00:40:00
12d - 8h - 16m,166,2024-06-12 00:50:00
12d - 8h - 26m,166,2024-06-12 01:00:00
12d - 8h - 36m,166,2024-06-12 01:10:00
12d - 8h - 46m,167,2024-06-12 01:20:00
12d - 8h - 56m,167,2024-06-12 01:30:00
12d - 9h - 6m,167,2024-06-12 01:40:00
12d - 9h - 16m,167,2024-06-12 01:50:00
12d - 9h - 26m,167,2024-06-12 02:00:00
12d - 9h - 36m,167,2024-06-12 02:10:00
12d - 9h - 46m,168,2024-06-12 02:20:00
12d - 9h - 56m,168,2024-06-12 02:30:00
12d - 10h - 6m,168,2024-06-12 02:40:00
12d - 10h - 16m,168,2024-06-12 02:50:00
12d - 10h - 26m,168,2024-06-12 03:00:00
12d - 10h - 36m,168,2024-06-12 03:10:00
12d - 10h - 46m,168,2024-06-12 03:20:00
12d - 10h - 56m,168,2024-06-12 03:30:00
12d - 11h - 6m,168,2024-06-12 03:40:00
12d - 11h - 16m,168,2024-06-12 03:50:00
12d - 11h - 26m,168,2024-06-12 04:00:00
12d - 11h - 36m,168,2024-06-12 04:10:00
12d - 11h - 46m,169,2024-06-12 04:20:00
12d - 11h - 56m,169,2024-06-12 04:30:00
12d - 12h - 6m,169,2024-06-12 04:40:00
12d - 12h - 16m,169,2024-06-12 04:50:00
12d - 12h - 26m,169,2024-06-12 05:00:00
12d - 12h - 36m,169,2024-06-12 05:10:00
12d - 12h - 46m,169,2024-06-12 05:20:00
12d - 12h - 56m,169,2024-06-12 05:30:00
12d - 13h - 6m,169,2024-06-12 05:40:00
12d - 13h - 16m,169,2024-06-12 05:50:00
12d - 13h - 26m,169,2024-06-12 06:00:00
12d - 13h - 36m,169,2024-06-12 06:10:00
12d - 13h - 46m,169,2024-06-12 06:20:00
12d - 13h - 56m,169,2024-06-12 06:30:00
12d - 14h - 6m,169,2024-06-12 06:40:00
12d - 14h - 16m,169,2024-06-12 06:50:00
12d - 14h - 26m,169,2024-06-12 07:00:00
12d - 14h - 36m,169,2024-06-12 07:10:00
12d - 14h - 46m,169,2024-06-12 07:20:00
12d - 14h - 56m,169,2024-06-12 07:30:00
12d - 15h - 6m,169,2024-06-12 07:40:00
12d - 15h - 16m,169,2024-06-12 07:50:00
12d - 15h - 26m,169,2024-06-12 08:00:00
12d - 15h - 36m,169,2024-06-12 08:10:00
12d - 15h - 46m,169,2024-06-12 08:20:00
12d - 15h - 56m,169,2024-06-12 08:30:00
12d - 16h - 6m,169,2024-06-12 08:40:00
12d - 16h - 16m,169,2024-06-12 08:50:00
12d - 16h - 26m,169,2024-06-12 09:00:00
12d - 16h - 36m,169,2024-06-12 09:10:00
12d - 16h - 46m,169,2024-06-12 09:20:00
12d - 16h - 56m,169,2024-06-12 09:30:00
12d - 17h - 6m,169,2024-06-12 09:40:00
12d - 17h - 16m,169,2024-06-12 09:50:00
12d - 17h - 26m,169,2024-06-12 10:00:00
12d - 17h - 36m,169,2024-06-12 10:10:00
12d - 17h - 46m,169,2024-06-12 10:20:00
12d - 17h - 56m,169,2024-06-12 10:30:00
12d - 18h - 6m,170,2024-06-12 10:40:00
12d - 18h - 16m,170,2024-06-12 10:50:00
12d - 18h - 26m,170,2024-06-12 11:00:00
12d - 18h - 36m,170,2024-06-12 11:10:00
12d - 18h - 46m,170,2024-06-12 11:20:00
12d - 18h - 56m,170,2024-06-12 11:30:00
12d - 19h - 6m,170,2024-06-12 11:40:00
12d - 19h - 16m,170,2024-06-12 11:50:00
12d - 19h - 26m,170,2024-06-12 12:00:00
12d - 19h - 36m,170,2024-06-12 12:10:00
12d - 19h - 46m,170,2024-06-12 12:20:00
12d - 19h - 56m,170,2024-06-12 12:30:00
12d - 20h - 6m,170,2024-06-12 12:40:00
12d - 20h - 16m,170,2024-06-12 12:50:00
12d - 20h - 26m,170,2024-06-12 13:00:00
12d - 20h - 36m,170,2024-06-12 13:10:00
12d - 20h - 46m,170,2024-06-12 13:20:00
12d - 20h - 56m,170,2024-06-12 13:30:00
12d - 21h - 6m,170,2024-06-12 13:40:00
12d - 21h - 16m,170,2024-06-12 13:50:00
12d - 21h - 26m,170,2024-06-12 14:00:00
12d - 21h - 36m,170,2024-06-12 14:10:00
12d - 21h - 46m,170,2024-06-12 14:20:00
12d - 21h - 56m,170,2024-06-12 14:30:00
12d - 22h - 6m,170,2024-06-12 14:40:00
12d - 22h - 16m,170,2024-06-12 14:50:00
12d - 22h - 26m,170,2024-06-12 15:00:00
12d - 22h - 36m,170,2024-06-12 15:10:00
12d - 22h - 46m,170,2024-06-12 15:20:00
12d - 22h - 56m,170,2024-06-12 15:30:00
12d - 23h - 6m,170,2024-06-12 15:40:00
12d - 23h - 16m,170,2024-06-12 15:50:00
12d - 23h - 26m,170,2024-06-12 16:00:00
12d - 23h - 36m,170,2024-06-12 16:10:00
12d - 23h - 46m,170,2024-06-12 16:20:00
12d - 23h - 56m,170,2024-06-12 16:30:00
13d - 0h - 6m,170,2024-06-12 16:40:00
13d - 0h - 16m,170,2024-06-12 16:50:00
13d - 0h - 26m,170,2024-06-12 17:00:00
13d - 0h - 36m,170,2024-06-12 17:10:00
13d - 0h - 46m,170,2024-06-12 17:20:00
13d - 0h - 56m,170,2024-06-12 17:30:00
13d - 1h - 6m,170,2024-06-12 17:40:00
13d - 1h - 16m,170,2024-06-12 17:50:00
13d - 1h - 26m,170,2024-06-12 18:00:00
13d - 1h - 36m,170,2024-06-12 18:10:00
13d - 1h - 46m,170,2024-06-12 18:20:00
13d - 1h - 56m,170,2024-06-12 18:30:00
13d - 2h - 6m,170,2024-06-12 18:40:00
13d - 2h - 16m,170,2024-06-12 18:50:00
13d - 2h - 26m,170,2024-06-12 19:00:00
13d - 2h - 36m,170,2024-06-12 19:10:00
13d - 2h - 46m,170,2024-06-12 19:20:00
13d - 2h - 56m,170,2024-06-12 19:30:00
13d - 3h - 6m,170,2024-06-12 19:40:00
13d - 3h - 16m,170,2024-06-12 19:50:00
13d - 3h - 26m,170,2024-06-12 20:00:00
13d - 3h - 36m,170,2024-06-12 20:10:00
13d - 3h - 46m,170,2024-06-12 20:20:00
13d - 3h - 56m,170,2024-06-12 20:30:00
13d - 4h - 6m,170,2024-06-12 20:40:00
13d - 4h - 16m,170,2024-06-12 20:50:00
13d - 4h - 26m,170,2024-06-12 21:00:00
13d - 4h - 36m,170,2024-06-12 21:10:00
13d - 4h - 46m,170,2024-06-12 21:20:00
13d - 4h - 56m,170,2024-06-12 21:30:00
13d - 5h - 6m,170,2024-06-12 21:40:00
13d - 5h - 16m,170,2024-06-12 21:50:00
13d - 5h - 26m,170,2024-06-12 22:00:00
13d - 5h - 36m,170,2024-06-12 22:10:00
13d - 5h - 46m,170,2024-06-12 22:20:00
13d - 5h - 56m,170,2024-06-12 22:30:00
13d - 6h - 6m,170,2024-06-12 22:40:00
13d - 6h - 16m,170,2024-06-12 22:50:00
13d - 6h - 26m,170,2024-06-12 23:00:00
13d - 6h - 36m,170,2024-06-12 23:10:00
13d - 6h - 46m,170,2024-06-12 23:20:00
13d - 6h - 56m,170,2024-06-12 23:30:00
13d - 7h - 6m,170,2024-06-12 23:40:00
13d - 7h - 16m,170,2024-06-12 23:50:00
13d - 7h - 26m,170,2024-06-13 00:00:00
13d - 7h - 36m,170,2024-06-13 00:10:00
13d - 7h - 46m,170,2024-06-13 00:20:00
13d - 7h - 56m,170,2024-06-13 00:30:00
13d - 8h - 6m,170,2024-06-13 00:40:00
13d - 8h - 16m,170,2024-06-13 00:50:00
13d - 8h - 26m,170,2024-06-13 01:00:00
13d - 8h - 36m,170,2024-06-13 01:10:00
13d - 8h - 46m,170,2024-06-13 01:20:00
13d - 8h - 56m,171,2024-06-13 01:30:00
13d - 9h - 6m,171,2024-06-13 01:40:00
13d - 9h - 16m,170,2024-06-13 01:50:00
13d - 9h - 26m,170,2024-06-13 02:00:00
13d - 9h - 36m,170,2024-06-13 02:10:00
13d - 9h - 46m,170,2024-06-13 02:20:00
13d - 9h - 56m,170,2024-06-13 02:30:00
13d - 10h - 6m,170,2024-06-13 02:40:00
13d - 10h - 16m,170,2024-06-13 02:50:00
13d - 10h - 26m,170,2024-06-13 03:00:00
13d - 10h - 36m,170,2024-06-13 03:10:00
13d - 10h - 46m,170,2024-06-13 03:20:00
13d - 10h - 56m,170,2024-06-13 03:30:00
13d - 11h - 6m,170,2024-06-13 03:40:00
13d - 11h - 16m,170,2024-06-13 03:50:00
13d - 11h - 26m,170,2024-06-13 04:00:00
13d - 11h - 36m,170,2024-06-13 04:10:00
13d - 11h - 46m,170,2024-06-13 04:20:00
13d - 11h - 56m,170,2024-06-13 04:30:00
13d - 12h - 6m,170,2024-06-13 04:40:00
13d - 12h - 16m,170,2024-06-13 04:50:00
13d - 12h - 26m,170,2024-06-13 05:00:00
13d - 12h - 36m,170,2024-06-13 05:10:00
13d - 12h - 46m,170,2024-06-13 05:20:00
13d - 12h - 56m,170,2024-06-13 05:30:00
13d - 13h - 6m,170,2024-06-13 05:40:00
13d - 13h - 16m,170,2024-06-13 05:50:00
13d - 13h - 26m,170,2024-06-13 06:00:00
13d - 13h - 36m,170,2024-06-13 06:10:00
13d - 13h - 46m,170,2024-06-13 06:20:00
13d - 13h - 56m,170,2024-06-13 06:30:00
13d - 14h - 6m,170,2024-06-13 06:40:00
13d - 14h - 16m,170,2024-06-13 06:50:00
13d - 14h - 26m,170,2024-06-13 07:00:00
13d - 14h - 36m,170,2024-06-13 07:10:00
13d - 14h - 46m,170,2024-06-13 07:20:00
13d - 14h - 56m,170,2024-06-13 07:30:00
13d - 15h - 6m,170,2024-06-13 07:40:00
13d - 15h - 16m,170,2024-06-13 07:50:00
13d - 15h - 26m,170,2024-06-13 08:00:00
13d - 15h - 36m,170,2024-06-13 08:10:00
13d - 15h - 46m,170,2024-06-13 08:20:00
13d - 15h - 56m,170,2024-06-13 08:30:00
13d - 16h - 6m,170,2024-06-13 08:40:00
13d - 16h - 16m,171,2024-06-13 08:50:00
13d - 16h - 26m,171,2024-06-13 09:00:00
13d - 16h - 36m,171,2024-06-13 09:10:00
13d - 16h - 46m,171,2024-06-13 09:20:00
13d - 16h - 56m,171,2024-06-13 09:30:00
13d - 17h - 6m,171,2024-06-13 09:40:00
13d - 17h - 16m,171,2024-06-13 09:50:00
13d - 17h - 26m,171,2024-06-13 10:00:00
